Inserci√≥n,Colisiones
0,0
1,0
2,0
3,0
4,0
5,0
6,0
7,0
8,0
9,0
10,0
11,0
12,0
13,0
14,0
15,0
16,0
17,0
18,0
19,0
20,0
21,0
22,0
23,0
24,0
25,0
26,0
27,0
28,0
29,0
30,0
31,0
32,0
33,0
34,0
35,1
36,0
37,0
38,0
39,0
40,0
41,0
42,0
43,0
44,0
45,0
46,0
47,0
48,0
49,0
50,0
51,0
52,0
53,0
54,0
55,0
56,0
57,0
58,0
59,1
60,0
61,0
62,0
63,0
64,0
65,0
66,0
67,1
68,0
69,0
70,0
71,1
72,0
73,0
74,0
75,0
76,0
77,0
78,0
79,0
80,0
81,0
82,0
83,0
84,0
85,0
86,0
87,0
88,0
89,0
90,1
91,0
92,0
93,0
94,0
95,0
96,0
97,0
98,0
99,0
100,0
101,0
102,0
103,0
104,0
105,1
106,0
107,0
108,0
109,0
110,0
111,0
112,0
113,0
114,1
115,0
116,0
117,0
118,1
119,0
120,0
121,1
122,0
123,0
124,0
125,0
126,0
127,0
128,0
129,0
130,0
131,0
132,0
133,0
134,0
135,0
136,0
137,0
138,0
139,0
140,0
141,0
142,2
143,0
144,0
145,2
146,0
147,0
148,0
149,0
150,0
151,0
152,0
153,0
154,0
155,1
156,0
157,0
158,0
159,2
160,0
161,0
162,0
163,0
164,0
165,0
166,0
167,0
168,0
169,0
170,0
171,0
172,0
173,1
174,0
175,1
176,0
177,0
178,0
179,0
180,0
181,0
182,0
183,0
184,0
185,0
186,1
187,2
188,0
189,1
190,0
191,2
192,0
193,0
194,0
195,1
196,0
197,0
198,0
199,0
200,2
201,4
202,0
203,0
204,1
205,0
206,0
207,2
208,0
209,0
210,1
211,1
212,0
213,0
214,0
215,1
216,0
217,3
218,1
219,0
220,0
221,0
222,0
223,0
224,1
225,0
226,0
227,3
228,0
229,0
230,0
231,1
232,0
233,0
234,1
235,0
236,0
237,0
238,0
239,0
240,0
241,0
242,0
243,0
244,0
245,0
246,4
247,0
248,0
249,2
250,0
251,1
252,0
253,0
254,0
255,1
256,0
257,3
258,1
259,2
260,0
261,0
262,1
263,0
264,0
265,1
266,4
267,1
268,0
269,0
270,1
271,1
272,0
273,0
274,0
275,0
276,0
277,0
278,0
279,0
280,0
281,1
282,0
283,0
284,0
285,1
286,0
287,1
288,0
289,1
290,0
291,0
292,0
293,0
294,0
295,0
296,0
297,1
298,0
299,0
300,0
301,0
302,0
303,0
304,0
305,0
306,0
307,0
308,1
309,0
310,0
311,0
312,0
313,0
314,2
315,1
316,0
317,0
318,0
319,0
320,1
321,0
322,0
323,0
324,0
325,0
326,4
327,0
328,0
329,0
330,0
331,0
332,0
333,1
334,1
335,0
336,0
337,0
338,0
339,0
340,1
341,0
342,0
343,0
344,0
345,0
346,2
347,0
348,0
349,0
350,0
351,0
352,0
353,1
354,1
355,2
356,0
357,1
358,0
359,0
360,0
361,0
362,0
363,2
364,1
365,1
366,0
367,2
368,0
369,2
370,2
371,0
372,1
373,0
374,2
375,0
376,2
377,0
378,1
379,0
380,1
381,0
382,3
383,1
384,13
385,2
386,0
387,4
388,0
389,0
390,0
391,0
392,0
393,2
394,0
395,4
396,1
397,0
398,10
399,1
400,0
401,0
402,2
403,1
404,0
405,0
406,0
407,1
408,2
409,0
410,0
411,1
412,0
413,0
414,6
415,3
416,0
417,1
418,2
419,1
420,1
421,1
422,0
423,1
424,0
425,5
426,1
427,0
428,1
429,1
430,0
431,0
432,0
433,1
434,0
435,5
436,6
437,0
438,3
439,1
440,8
441,1
442,0
443,0
444,0
445,1
446,0
447,3
448,1
449,0
450,0
451,0
452,0
453,1
454,1
455,0
456,0
457,0
458,7
459,9
460,0
461,1
462,5
463,0
464,0
465,0
466,8
467,2
468,0
469,1
470,0
471,1
472,5
473,0
474,2
475,0
476,0
477,0
478,1
479,0
480,2
481,2
482,1
483,1
484,0
485,10
486,3
487,3
488,9
489,0
490,0
491,0
492,1
493,0
494,0
495,0
496,2
497,1
498,0
499,2
500,0
501,0
502,11
503,2
504,0
505,0
506,7
507,0
508,0
509,0
510,0
511,0
512,2
513,0
514,0
515,0
516,11
517,0
518,0
519,0
520,0
521,1
522,5
523,0
524,6
525,2
526,0
527,3
528,27
529,0
530,2
531,13
532,2
533,1
534,1
535,0
536,2
537,1
538,15
539,0
540,0
541,1
542,1
543,3
544,0
545,0
546,2
547,15
548,4
549,2
550,0
551,16
552,4
553,0
554,2
555,0
556,3
557,5
558,12
559,0
560,0
561,15
562,9
563,1
564,18
565,32
566,2
567,0
568,0
569,0
570,6
571,3
572,1
573,0
574,1
575,2
576,0
577,2
578,10
579,0
580,13
581,7
582,0
583,0
584,4
585,1
586,1
587,1
588,0
589,1
590,0
591,0
592,0
593,1
594,0
595,0
596,0
597,1
598,5
599,2
600,8
601,5
602,0
603,0
604,1
605,0
606,0
607,2
608,0
609,2
610,0
611,1
612,0
613,2
614,3
615,0
616,40
617,0
618,7
619,1
620,0
621,6
622,1
623,0
624,2
625,5
626,2
627,0
628,28
629,50
630,54
631,3
632,5
633,2
634,2
635,0
636,1
637,44
638,0
639,0
640,1
641,1
642,0
643,0
644,0
645,5
646,4
647,1
648,1
649,3
650,0
651,0
652,1
653,13
654,18
655,1
656,0
657,2
658,49
659,0
660,0
661,1
662,2
663,33
664,1
665,6
666,13
667,3
668,1
669,1
670,6
671,1
672,13
673,0
674,16
675,0
676,1
677,0
678,1
679,2
680,14
681,1
682,0
683,2
684,0
685,0
686,7
687,3
688,0
689,5
690,2
691,0
692,52
693,19
694,1
695,2
696,0
697,1
698,0
699,2
700,15
701,2
702,0
703,1
704,2
705,0
706,0
707,1
708,6
709,1
710,4
711,4
712,6
713,0
714,0
715,8
716,5
717,7
718,13
719,1
720,22
721,55
722,0
723,17
724,2
725,14
726,7
727,10
728,1
729,1
730,2
731,5
732,6
733,3
734,2
735,5
736,1
737,0
738,15
739,35
740,19
741,0
742,4
743,5
744,45
745,9
746,10
747,0
748,5
749,1
750,1
751,16
752,0
753,10
754,0
755,16
756,6
757,5
758,0
759,0
760,0
761,5
762,0
763,25
764,2
765,2
766,4
767,11
768,0
769,38
770,1
771,4
772,1
773,0
774,4
775,1
776,0
777,1
778,5
779,1
780,2
781,44
782,87
783,4
784,21
785,0
786,0
787,2
788,3
789,1
790,2
791,8
792,8
793,4
794,25
795,2
796,8
797,36
798,0
799,0
800,1
801,4
802,2
803,9
804,3
805,11
806,0
807,30
808,0
809,2
810,0
811,24
812,1
813,28
814,25
815,75
816,0
817,3
818,0
819,1
820,89
821,0
822,0
823,0
824,0
825,103
826,10
827,0
828,10
829,1
830,9
831,3
832,26
833,0
834,5
835,0
836,11
837,1
838,2
839,10
840,3
841,1
842,4
843,146
844,97
845,26
846,187
847,3
848,9
849,122
850,3
851,60
852,41
853,7
854,77
855,17
856,41
857,3
858,32
859,14
860,54
861,0
862,159
863,1
864,8
865,1
866,19
867,123
868,114
869,19
870,130
871,0
872,196
873,7
874,5
875,11
876,3
877,105
878,8
879,6
880,149
881,24
882,29
883,0
884,1
885,39
886,84
887,190
888,77
889,1
890,22
891,216
892,11
893,56
894,42
895,0
896,114
897,141
898,50
899,2
900,12
901,12
902,10
903,11
904,4
905,0
906,151
907,30
908,84
909,0
910,151
911,4
912,33
913,197
914,5
915,29
916,0
917,1
918,2
919,3
920,2
921,82
922,197
923,121
924,73
925,5
926,80
927,172
928,202
929,13
930,94
931,124
932,126
933,23
934,100
935,1
936,1
937,99
938,220
939,64
940,66
941,1
942,24
943,27
944,167
945,151
946,313
947,19
948,34
949,230
950,148
951,0
952,162
953,6
954,488
955,31
956,8
957,181
958,626
959,572
960,489
961,11
962,809
963,438
964,695
965,4
966,360
967,7
968,181
969,284
970,384
971,311
972,0
973,742
974,600
975,364
976,880
977,420
978,354
979,281
980,332
981,786
982,722
983,3
984,299
985,21
986,615
987,857
988,93
989,1
990,85
991,434
992,426
993,177
994,564
995,491
996,271
997,265
998,112
999,960
1000,987
1001,117
1002,531
1003,505
1004,803
1005,304
1006,391
1007,535
1008,217
1009,346
1010,97
1011,556
1012,275
1013,752
1014,904
1015,246
1016,461
1017,341
1018,131
1019,419
1020,888
1021,464
1022,633
1023,65
1024,744
1025,490
1026,377
1027,102
1028,338
1029,195
1030,783
1031,21
1032,387
1033,317
1034,265
1035,32
1036,268
1037,572
1038,350
1039,286
1040,474
1041,311
1042,999
1043,33
1044,860
1045,767
1046,50
1047,273
1048,100
1049,287
1050,728
1051,57
1052,162
1053,626
1054,59
1055,1000
1056,413
1057,8
1058,974
1059,978
1060,258
1061,476
1062,612
1063,990
1064,529
1065,228
1066,694
1067,303
1068,995
1069,305
1070,826
1071,120
1072,188
1073,789
1074,503
1075,22
1076,860
1077,377
1078,224
1079,169
1080,31
1081,45
1082,315
1083,888
1084,518
1085,260
1086,415
1087,526
1088,718
1089,779
1090,842
1091,721
1092,198
1093,826
1094,386
1095,893
1096,666
1097,454
1098,433
1099,802
1100,816
1101,342
1102,561
1103,361
1104,593
1105,398
1106,152
1107,357
1108,548
1109,917
1110,834
1111,138
1112,557
1113,376
1114,775
1115,849
1116,486
1117,444
1118,795
1119,370
1120,341
1121,361
1122,114
1123,485
1124,688
1125,570
1126,920
1127,34
1128,138
1129,676
1130,360
1131,521
1132,695
1133,484
1134,486
1135,771
1136,971
1137,100
1138,917
1139,266
1140,19
1141,155
1142,335
1143,611
1144,369
1145,159
1146,502
1147,32
1148,935
1149,345
1150,480
1151,506
1152,714
1153,548
1154,806
1155,904
1156,490
1157,126
1158,472
1159,879
1160,95
1161,256
1162,419
1163,516
1164,382
1165,509
1166,118
1167,646
1168,917
1169,412
1170,436
1171,110
1172,234
1173,603
1174,166
1175,951
1176,529
1177,16
1178,282
1179,906
1180,170
1181,889
1182,81
1183,3
1184,95
1185,642
1186,269
1187,142
1188,422
1189,434
1190,737
1191,236
1192,762
1193,752
1194,31
1195,740
1196,911
1197,501
1198,853
1199,323
1200,798
1201,104
1202,537
1203,986
1204,553
1205,323
1206,278
1207,783
1208,400
1209,55
1210,861
1211,969
1212,32
1213,379
1214,130
1215,291
1216,787
1217,290
1218,181
1219,339
1220,565
1221,284
1222,953
1223,313
1224,924
1225,798
1226,229
1227,568
1228,327
1229,694
1230,879
1231,20
1232,891
1233,383
1234,40
1235,274
1236,353
1237,12
1238,158
1239,712
1240,951
1241,538
1242,797
1243,953
1244,580
1245,684
1246,943
1247,352
1248,192
1249,804
1250,283
1251,984
1252,595
1253,795
1254,378
1255,164
1256,458
1257,86
1258,552
1259,191
1260,314
1261,145
1262,575
1263,829
1264,627
1265,857
1266,526
1267,931
1268,861
1269,589
1270,918
1271,565
1272,472
1273,525
1274,890
1275,331
1276,993
1277,883
1278,171
1279,1000
1280,125
1281,572
1282,62
1283,714
1284,952
1285,959
1286,128
1287,781
1288,478
1289,336
1290,258
1291,774
1292,159
1293,910
1294,228
1295,322
1296,575
1297,797
1298,629
1299,351
1300,319
1301,282
1302,254
1303,683
1304,484
1305,623
1306,20
1307,699
1308,510
1309,316
1310,440
1311,443
1312,150
1313,828
1314,821
1315,411
1316,466
1317,136
1318,973
1319,256
1320,127
1321,89
1322,751
1323,32
1324,565
1325,376
1326,283
1327,164
1328,347
1329,722
1330,11
1331,438
1332,595
1333,693
1334,765
1335,691
1336,800
1337,823
1338,133
1339,145
1340,619
1341,273
1342,490
1343,114
1344,87
1345,912
1346,527
1347,554
1348,779
1349,701
1350,1
1351,675
1352,87
1353,382
1354,455
1355,394
1356,894
1357,98
1358,247
1359,939
1360,9
1361,569
1362,447
1363,556
1364,192
1365,493
1366,432
1367,220
1368,214
1369,419
1370,234
1371,946
1372,369
1373,87
1374,589
1375,651
1376,145
1377,189
1378,584
1379,132
1380,535
1381,284
1382,438
1383,590
1384,551
1385,219
1386,142
1387,346
1388,311
1389,330
1390,558
1391,46
1392,306
1393,447
1394,454
1395,288
1396,871
1397,50
1398,815
1399,222
1400,78
1401,33
1402,958
1403,213
1404,469
1405,315
1406,344
1407,726
1408,982
1409,486
1410,960
1411,369
1412,982
1413,490
1414,251
1415,121
1416,127
1417,438
1418,550
1419,783
1420,907
1421,951
1422,957
1423,87
1424,161
1425,337
1426,649
1427,237
1428,387
1429,3
1430,357
1431,483
1432,720
1433,534
1434,440
1435,306
1436,862
1437,251
1438,232
1439,419
1440,183
1441,974
1442,907
1443,281
1444,395
1445,222
1446,299
1447,104
1448,327
1449,747
1450,84
1451,838
1452,213
1453,52
1454,459
1455,78
1456,2
1457,345
1458,221
1459,861
1460,826
1461,443
1462,484
1463,657
1464,22
1465,885
1466,411
1467,738
1468,213
1469,288
1470,272
1471,295
1472,442
1473,44
1474,693
1475,412
1476,275
1477,44
1478,389
1479,894
1480,695
1481,355
1482,304
1483,306
1484,740
1485,972
1486,196
1487,943
1488,416
1489,318
1490,271
1491,842
1492,709
1493,818
1494,298
1495,683
1496,22
1497,646
1498,974
1499,313
1500,379
1501,255
1502,741
1503,754
1504,610
1505,561
1506,270
1507,305
1508,64
1509,102
1510,624
1511,833
1512,660
1513,256
1514,236
1515,236
1516,850
1517,997
1518,227
1519,660
1520,498
1521,322
1522,751
1523,278
1524,610
1525,493
1526,184
1527,218
1528,19
1529,499
1530,254
1531,658
1532,481
1533,736
1534,567
1535,628
1536,990
1537,456
1538,861
1539,258
1540,222
1541,389
1542,56
1543,662
1544,311
1545,518
1546,892
1547,900
1548,317
1549,820
1550,362
1551,299
1552,18
1553,323
1554,869
1555,330
1556,186
1557,139
1558,934
1559,75
1560,134
1561,233
1562,500
1563,800
1564,758
1565,293
1566,208
1567,56
1568,185
1569,228
1570,6
1571,442
1572,249
1573,87
1574,993
1575,527
1576,586
1577,304
1578,9
1579,471
1580,512
1581,729
1582,217
1583,762
1584,926
1585,235
1586,400
1587,612
1588,30
1589,687
1590,598
1591,55
1592,738
1593,110
1594,400
1595,750
1596,171
1597,198
1598,193
1599,949
1600,779
1601,255
1602,106
1603,425
1604,106
1605,134
1606,492
1607,874
1608,684
1609,326
1610,642
1611,246
1612,789
1613,501
1614,920
1615,251
1616,271
1617,314
1618,436
1619,158
1620,119
1621,978
1622,4
1623,44
1624,260
1625,172
1626,691
1627,541
1628,896
1629,570
1630,611
1631,752
1632,407
1633,703
1634,597
1635,622
1636,140
1637,604
1638,399
1639,99
1640,427
1641,905
1642,865
1643,110
1644,178
1645,310
1646,183
1647,507
1648,913
1649,612
1650,299
1651,380
1652,533
1653,604
1654,62
1655,75
1656,430
1657,200
1658,996
1659,627
1660,785
1661,902
1662,708
1663,875
1664,722
1665,881
1666,705
1667,740
1668,344
1669,924
1670,782
1671,761
1672,740
1673,344
1674,105
1675,256
1676,142
1677,504
1678,256
1679,163
1680,112
1681,383
1682,920
1683,830
1684,604
1685,425
1686,501
1687,736
1688,462
1689,565
1690,71
1691,521
1692,21
1693,480
1694,224
1695,376
1696,510
1697,645
1698,961
1699,874
1700,741
1701,828
1702,118
1703,282
1704,507
1705,743
1706,760
1707,106
1708,915
1709,90
1710,125
1711,964
1712,340
1713,712
1714,388
1715,612
1716,360
1717,427
1718,955
1719,241
1720,518
1721,427
1722,367
1723,365
1724,424
1725,823
1726,849
1727,843
1728,982
1729,867
1730,27
1731,52
1732,924
1733,136
1734,478
1735,600
1736,130
1737,69
1738,879
1739,302
1740,939
1741,497
1742,314
1743,285
1744,205
1745,455
1746,464
1747,251
1748,283
1749,409
1750,939
1751,316
1752,250
1753,48
1754,49
1755,392
1756,220
1757,343
1758,248
1759,942
1760,490
1761,767
1762,517
1763,404
1764,955
1765,271
1766,533
1767,490
1768,18
1769,665
1770,251
1771,103
1772,28
1773,142
1774,316
1775,279
1776,924
1777,489
1778,126
1779,928
1780,654
1781,738
1782,393
1783,511
1784,808
1785,235
1786,52
1787,797
1788,482
1789,932
1790,44
1791,698
1792,267
1793,92
1794,908
1795,301
1796,231
1797,734
1798,173
1799,727
1800,580
1801,269
1802,378
1803,367
1804,357
1805,109
1806,252
1807,80
1808,924
1809,281
1810,106
1811,907
1812,83
1813,56
1814,925
1815,218
1816,207
1817,908
1818,699
1819,537
1820,133
1821,779
1822,27
1823,705
1824,410
1825,999
1826,891
1827,847
1828,688
1829,512
1830,738
1831,263
1832,141
1833,826
1834,275
1835,240
1836,648
1837,21
1838,560
1839,485
1840,361
1841,282
1842,525
1843,27
1844,320
1845,82
1846,687
1847,660
1848,517
1849,323
1850,40
1851,706
1852,175
1853,353
1854,299
1855,604
1856,299
1857,894
1858,8
1859,355
1860,707
1861,474
1862,442
1863,32
1864,119
1865,998
1866,753
1867,337
1868,270
1869,935
1870,739
1871,799
1872,887
1873,167
1874,270
1875,211
1876,397
1877,485
1878,391
1879,816
1880,112
1881,724
1882,849
1883,236
1884,474
1885,96
1886,881
1887,961
1888,557
1889,506
1890,744
1891,711
1892,781
1893,62
1894,486
1895,239
1896,65
1897,871
1898,725
1899,395
1900,498
1901,988
1902,220
1903,475
1904,278
1905,411
1906,259
1907,679
1908,605
1909,752
1910,513
1911,675
1912,274
1913,484
1914,518
1915,713
1916,975
1917,877
1918,480
1919,175
1920,170
1921,488
1922,158
1923,833
1924,876
1925,957
1926,913
1927,157
1928,771
1929,347
1930,912
1931,322
1932,894
1933,830
1934,413
1935,714
1936,742
1937,771
1938,220
1939,324
1940,169
1941,922
1942,952
1943,556
1944,975
1945,780
1946,785
1947,474
1948,143
1949,534
1950,935
1951,570
1952,261
1953,877
1954,472
1955,999
1956,532
1957,451
1958,359
1959,832
1960,23
1961,304
1962,220
1963,590
1964,63
1965,557
1966,794
1967,708
1968,136
1969,998
1970,159
1971,392
1972,662
1973,435
1974,225
1975,545
1976,998
1977,677
1978,804
1979,443
1980,974
1981,273
1982,720
1983,400
1984,727
1985,692
1986,756
1987,916
1988,392
1989,990
1990,763
1991,18
1992,934
1993,546
1994,526
1995,733
1996,87
1997,479
1998,339
1999,376
2000,658
2001,92
2002,750
2003,161
2004,397
2005,384
2006,712
2007,148
2008,645
2009,632
2010,16
2011,881
2012,787
2013,643
2014,364
2015,253
2016,857
2017,921
2018,222
2019,231
2020,521
2021,25
2022,527
2023,846
2024,22
2025,87
2026,817
2027,529
2028,3
2029,527
2030,290
2031,339
2032,978
2033,86
2034,928
2035,202
2036,234
2037,69
2038,397
2039,325
2040,354
2041,426
2042,16
2043,849
2044,665
2045,731
2046,400
2047,613
2048,794
2049,834
2050,426
2051,777
2052,304
2053,948
2054,141
2055,627
2056,754
2057,597
2058,333
2059,519
2060,465
2061,654
2062,171
2063,721
2064,562
2065,159
2066,765
2067,820
2068,170
2069,642
2070,890
2071,727
2072,743
2073,815
2074,299
2075,964
2076,837
2077,9
2078,865
2079,931
2080,758
2081,427
2082,91
2083,622
2084,891
2085,802
2086,284
2087,467
2088,914
2089,907
2090,106
2091,140
2092,666
2093,109
2094,98
2095,509
2096,696
2097,841
2098,337
2099,794
2100,311
2101,989
2102,826
2103,211
2104,774
2105,930
2106,148
2107,838
2108,592
2109,314
2110,235
2111,459
2112,903
2113,493
2114,925
2115,576
2116,492
2117,258
2118,191
2119,535
2120,211
2121,800
2122,767
2123,41
2124,647
2125,251
2126,899
2127,536
2128,443
2129,693
2130,458
2131,423
2132,310
2133,155
2134,382
2135,844
2136,887
2137,792
2138,777
2139,143
2140,239
2141,440
2142,13
2143,909
2144,283
2145,667
2146,483
2147,844
2148,832
2149,477
2150,761
2151,938
2152,808
2153,354
2154,83
2155,15
2156,745
2157,393
2158,563
2159,453
2160,596
2161,91
2162,632
2163,320
2164,903
2165,664
2166,503
2167,790
2168,960
2169,200
2170,430
2171,541
2172,107
2173,338
2174,725
2175,764
2176,690
2177,675
2178,31
2179,159
2180,71
2181,31
2182,521
2183,142
2184,116
2185,726
2186,318
2187,917
2188,628
2189,387
2190,865
2191,794
2192,219
2193,425
2194,643
2195,237
2196,578
2197,439
2198,939
2199,632
2200,499
2201,237
2202,759
2203,30
2204,910
2205,101
2206,879
2207,408
2208,963
2209,996
2210,67
2211,563
2212,805
2213,175
2214,563
2215,588
2216,77
2217,703
2218,216
2219,552
2220,717
2221,609
2222,93
2223,610
2224,413
2225,253
2226,347
2227,184
2228,832
2229,524
2230,959
2231,842
2232,133
2233,157
2234,301
2235,132
2236,3
2237,397
2238,24
2239,127
2240,302
2241,184
2242,275
2243,290
2244,676
2245,294
2246,17
2247,16
2248,213
2249,469
2250,566
2251,918
2252,306
2253,842
2254,317
2255,165
2256,333
2257,49
2258,291
2259,628
2260,37
2261,874
2262,954
2263,282
2264,415
2265,445
2266,224
2267,951
2268,993
2269,472
2270,922
2271,486
2272,483
2273,319
2274,586
2275,643
2276,79
2277,22
2278,742
2279,1000
2280,522
2281,43
2282,709
2283,25
2284,716
2285,227
2286,47
2287,746
2288,439
2289,967
2290,540
2291,200
2292,740
2293,1000
2294,878
2295,79
2296,810
2297,95
2298,94
2299,446
2300,628
2301,312
2302,386
2303,865
2304,483
2305,60
2306,136
2307,365
2308,497
2309,133
2310,644
2311,63
2312,12
2313,52
2314,548
2315,537
2316,366
2317,774
2318,688
2319,855
2320,785
2321,816
2322,607
2323,988
2324,461
2325,778
2326,986
2327,517
2328,150
2329,437
2330,95
2331,505
2332,230
2333,235
2334,613
2335,405
2336,106
2337,61
2338,314
2339,66
2340,19
2341,1000
2342,724
2343,63
2344,86
2345,439
2346,889
2347,314
2348,963
2349,66
2350,251
2351,544
2352,228
2353,831
2354,385
2355,899
2356,956
2357,450
2358,644
2359,340
2360,806
2361,589
2362,20
2363,817
2364,74
2365,458
2366,332
2367,253
2368,477
2369,562
2370,612
2371,62
2372,658
2373,733
2374,218
2375,189
2376,69
2377,746
2378,797
2379,990
2380,103
2381,110
2382,784
2383,806
2384,23
2385,398
2386,646
2387,239
2388,924
2389,352
2390,391
2391,239
2392,819
2393,455
2394,142
2395,458
2396,502
2397,441
2398,622
2399,208
2400,823
2401,962
2402,925
2403,221
2404,749
2405,618
2406,192
2407,708
2408,631
2409,223
2410,871
2411,963
2412,55
2413,156
2414,125
2415,910
2416,941
2417,957
2418,614
2419,204
2420,204
2421,147
2422,381
2423,745
2424,308
2425,654
2426,716
2427,175
2428,160
2429,788
2430,896
2431,431
2432,227
2433,406
2434,422
2435,159
2436,179
2437,282
2438,81
2439,232
2440,56
2441,995
2442,327
2443,864
2444,399
2445,662
2446,36
2447,0
2448,408
2449,489
2450,969
2451,914
2452,588
2453,777
2454,181
2455,77
2456,222
2457,662
2458,697
2459,316
2460,560
2461,425
2462,720
2463,985
2464,608
2465,431
2466,944
2467,526
2468,595
2469,614
2470,228
2471,98
2472,59
2473,497
2474,476
2475,267
2476,494
2477,192
2478,688
2479,69
2480,845
2481,658
2482,326
2483,331
2484,963
2485,6
2486,53
2487,561
2488,541
2489,878
2490,378
2491,89
2492,431
2493,696
2494,923
2495,831
2496,338
2497,682
2498,531
2499,96
2500,485
2501,109
2502,617
2503,138
2504,583
2505,600
2506,791
2507,659
2508,695
2509,531
2510,751
2511,655
2512,954
2513,980
2514,497
2515,349
2516,762
2517,695
2518,425
2519,916
2520,322
2521,868
2522,895
2523,300
2524,191
2525,826
2526,303
2527,143
2528,756
2529,334
2530,787
2531,342
2532,480
2533,804
2534,939
2535,697
2536,724
2537,320
2538,259
2539,525
2540,378
2541,77
2542,951
2543,599
2544,489
2545,534
2546,423
2547,269
2548,474
2549,100
2550,169
2551,703
2552,762
2553,3
2554,12
2555,475
2556,735
2557,962
2558,479
2559,605
2560,769
2561,468
2562,490
2563,691
2564,385
2565,705
2566,543
2567,682
2568,384
2569,683
2570,446
2571,191
2572,752
2573,729
2574,672
2575,744
2576,616
2577,624
2578,423
2579,369
2580,970
2581,473
2582,836
2583,721
2584,79
2585,785
2586,935
2587,957
2588,114
2589,870
2590,446
2591,195
2592,566
2593,989
2594,989
2595,360
2596,740
2597,440
2598,221
2599,632
2600,587
2601,688
2602,64
2603,346
2604,279
2605,830
2606,80
2607,194
2608,622
2609,149
2610,349
2611,470
2612,469
2613,990
2614,416
2615,206
2616,990
2617,910
2618,83
2619,888
2620,662
2621,674
2622,312
2623,807
2624,722
2625,458
2626,641
2627,730
2628,95
2629,247
2630,2
2631,627
2632,814
2633,410
2634,391
2635,864
2636,391
2637,518
2638,208
2639,371
2640,333
2641,866
2642,337
2643,861
2644,775
2645,640
2646,839
2647,863
2648,265
2649,82
2650,361
2651,236
2652,948
2653,615
2654,687
2655,177
2656,305
2657,86
2658,570
2659,997
2660,708
2661,955
2662,248
2663,990
2664,904
2665,294
2666,565
2667,791
2668,767
2669,863
2670,446
2671,940
2672,612
2673,383
2674,772
2675,439
2676,549
2677,997
2678,525
2679,87
2680,739
2681,752
2682,671
2683,930
2684,188
2685,797
2686,975
2687,866
2688,855
2689,38
2690,772
2691,841
2692,314
2693,860
2694,800
2695,753
2696,272
2697,183
2698,324
2699,51
2700,470
2701,484
2702,369
2703,204
2704,317
2705,204
2706,876
2707,13
2708,627
2709,46
2710,967
2711,380
2712,843
2713,730
2714,943
2715,541
2716,66
2717,103
2718,990
2719,103
2720,148
2721,834
2722,355
2723,193
2724,331
2725,956
2726,392
2727,628
2728,821
2729,185
2730,627
2731,990
2732,411
2733,737
2734,240
2735,125
2736,682
2737,427
2738,848
2739,46
2740,387
2741,589
2742,918
2743,746
2744,162
2745,3
2746,983
2747,381
2748,995
2749,365
2750,488
2751,963
2752,357
2753,943
2754,801
2755,251
2756,561
2757,989
2758,909
2759,744
2760,480
2761,239
2762,629
2763,583
2764,686
2765,828
2766,316
2767,923
2768,977
2769,82
2770,837
2771,991
2772,26
2773,783
2774,417
2775,615
2776,336
2777,695
2778,932
2779,738
2780,133
2781,170
2782,791
2783,347
2784,974
2785,48
2786,642
2787,878
2788,777
2789,383
2790,609
2791,157
2792,847
2793,832
2794,689
2795,331
2796,138
2797,121
2798,612
2799,450
2800,342
2801,142
2802,932
2803,599
2804,383
2805,436
2806,37
2807,280
2808,120
2809,141
2810,561
2811,740
2812,52
2813,220
2814,881
2815,395
2816,636
2817,509
2818,865
2819,308
2820,726
2821,211
2822,216
2823,698
2824,565
2825,301
2826,357
2827,850
2828,784
2829,594
2830,703
2831,773
2832,645
2833,512
2834,813
2835,365
2836,802
2837,501
2838,430
2839,330
2840,305
2841,404
2842,830
2843,261
2844,153
2845,752
2846,201
2847,321
2848,806
2849,34
2850,928
2851,407
2852,618
2853,141
2854,161
2855,819
2856,470
2857,841
2858,180
2859,570
2860,446
2861,694
2862,947
2863,396
2864,292
2865,877
2866,713
2867,140
2868,79
2869,714
2870,138
2871,266
2872,331
2873,834
2874,737
2875,311
2876,216
2877,299
2878,490
2879,498
2880,934
2881,493
2882,568
2883,780
2884,646
2885,716
2886,643
2887,299
2888,985
2889,968
2890,273
2891,419
2892,913
2893,208
2894,241
2895,854
2896,26
2897,727
2898,633
2899,53
2900,860
2901,956
2902,448
2903,209
2904,95
2905,904
2906,857
2907,482
2908,146
2909,480
2910,321
2911,284
2912,713
2913,533
2914,648
2915,439
2916,241
2917,513
2918,433
2919,639
2920,871
2921,643
2922,730
2923,244
2924,849
2925,849
2926,815
2927,382
2928,962
2929,303
2930,322
2931,875
2932,149
2933,1
2934,986
2935,306
2936,566
2937,675
2938,717
2939,300
2940,967
2941,999
2942,532
2943,251
2944,450
2945,912
2946,426
2947,583
2948,776
2949,23
2950,912
2951,991
2952,145
2953,750
2954,781
2955,40
2956,587
2957,99
2958,560
2959,860
2960,780
2961,864
2962,908
2963,821
2964,208
2965,3
2966,932
2967,755
2968,647
2969,872
2970,996
2971,962
2972,534
2973,516
2974,400
2975,913
2976,604
2977,444
2978,13
2979,988
2980,353
2981,34
2982,327
2983,888
2984,443
2985,555
2986,271
2987,498
2988,135
2989,428
2990,748
2991,592
2992,100
2993,347
2994,803
2995,236
2996,476
2997,618
2998,936
2999,473
3000,356
3001,773
3002,814
3003,537
3004,723
3005,196
3006,648
3007,345
3008,835
3009,395
3010,409
3011,361
3012,212
3013,953
3014,814
3015,647
3016,479
3017,652
3018,878
3019,707
3020,752
3021,559
3022,389
3023,876
3024,244
3025,631
3026,153
3027,597
3028,227
3029,497
3030,855
3031,56
3032,442
3033,764
3034,892
3035,891
3036,956
3037,170
3038,987
3039,220
3040,735
3041,816
3042,50
3043,221
3044,616
3045,952
3046,564
3047,364
3048,861
3049,865
3050,579
3051,722
3052,193
3053,675
3054,936
3055,399
3056,752
3057,881
3058,690
3059,310
3060,981
3061,585
3062,660
3063,175
3064,853
3065,934
3066,962
3067,873
3068,531
3069,357
3070,828
3071,13
3072,41
3073,321
3074,398
3075,832
3076,272
3077,147
3078,308
3079,312
3080,478
3081,866
3082,855
3083,740
3084,597
3085,201
3086,170
3087,83
3088,740
3089,959
3090,576
3091,110
3092,554
3093,93
3094,275
3095,563
3096,443
3097,976
3098,897
3099,544
3100,26
3101,195
3102,141
3103,923
3104,47
3105,555
3106,9
3107,758
3108,972
3109,297
3110,183
3111,666
3112,449
3113,958
3114,709
3115,991
3116,300
3117,519
3118,76
3119,503
3120,192
3121,860
3122,331
3123,488
3124,955
3125,148
3126,784
3127,541
3128,644
3129,619
3130,472
3131,95
3132,675
3133,830
3134,145
3135,455
3136,158
3137,96
3138,553
3139,735
3140,629
3141,250
3142,597
3143,79
3144,3
3145,457
3146,181
3147,330
3148,619
3149,65
3150,938
3151,479
3152,26
3153,56
3154,722
3155,252
3156,162
3157,512
3158,470
3159,49
3160,210
3161,614
3162,58
3163,953
3164,296
3165,612
3166,691
3167,760
3168,869
3169,468
3170,932
3171,502
3172,855
3173,713
3174,932
3175,223
3176,391
3177,470
3178,965
3179,800
3180,660
3181,326
3182,15
3183,627
3184,783
3185,408
3186,257
3187,269
3188,953
3189,607
3190,351
3191,980
3192,655
3193,65
3194,129
3195,788
3196,948
3197,414
3198,187
3199,720
3200,626
3201,939
3202,730
3203,24
3204,607
3205,529
3206,143
3207,167
3208,244
3209,221
3210,44
3211,624
3212,63
3213,524
3214,892
3215,82
3216,247
3217,9
3218,606
3219,575
3220,376
3221,147
3222,921
3223,740
3224,192
3225,350
3226,37
3227,965
3228,600
3229,881
3230,912
3231,534
3232,274
3233,519
3234,295
3235,245
3236,625
3237,48
3238,273
3239,639
3240,326
3241,399
3242,748
3243,556
3244,159
3245,602
3246,726
3247,456
3248,532
3249,912
3250,176
3251,502
3252,719
3253,211
3254,475
3255,550
3256,216
3257,927
3258,496
3259,882
3260,454
3261,281
3262,398
3263,126
3264,106
3265,352
3266,75
3267,351
3268,220
3269,363
3270,300
3271,615
3272,603
3273,83
3274,649
3275,192
3276,124
3277,66
3278,270
3279,164
3280,30
3281,972
3282,401
3283,300
3284,576
3285,655
3286,162
3287,565
3288,871
3289,570
3290,175
3291,47
3292,673
3293,457
3294,436
3295,773
3296,752
3297,657
3298,702
3299,934
3300,998
3301,380
3302,210
3303,986
3304,566
3305,519
3306,213
3307,235
3308,221
3309,130
3310,118
3311,294
3312,440
3313,922
3314,91
3315,875
3316,817
3317,485
3318,664
3319,518
3320,430
3321,86
3322,926
3323,437
3324,842
3325,799
3326,116
3327,738
3328,589
3329,820
3330,128
3331,204
3332,66
3333,676
3334,337
3335,941
3336,798
3337,649
3338,879
3339,879
3340,846
3341,597
3342,656
3343,649
3344,347
3345,754
3346,546
3347,988
3348,367
3349,529
3350,781
3351,53
3352,772
3353,255
3354,76
3355,631
3356,869
3357,796
3358,271
3359,761
3360,834
3361,691
3362,579
3363,267
3364,284
3365,920
3366,920
3367,64
3368,571
3369,13
3370,519
3371,705
3372,955
3373,676
3374,423
3375,72
3376,536
3377,571
3378,253
3379,221
3380,975
3381,846
3382,715
3383,997
3384,807
3385,625
3386,487
3387,654
3388,792
3389,604
3390,196
3391,766
3392,941
3393,304
3394,117
3395,860
3396,914
3397,938
3398,555
3399,694
3400,506
3401,576
3402,161
3403,34
3404,352
3405,594
3406,104
3407,244
3408,266
3409,516
3410,867
3411,42
3412,443
3413,812
3414,145
3415,257
3416,224
3417,883
3418,28
3419,176
3420,845
3421,845
3422,130
3423,636
3424,259
3425,466
3426,371
3427,50
3428,55
3429,46
3430,179
3431,234
3432,204
3433,801
3434,780
3435,651
3436,250
3437,208
3438,281
3439,818
3440,583
3441,221
3442,560
3443,877
3444,316
3445,240
3446,16
3447,219
3448,424
3449,266
3450,309
3451,224
3452,271
3453,956
3454,517
3455,490
3456,385
3457,118
3458,440
3459,633
3460,224
3461,207
3462,867
3463,740
3464,22
3465,486
3466,799
3467,131
3468,410
3469,546
3470,151
3471,150
3472,560
3473,918
3474,398
3475,559
3476,61
3477,691
3478,604
3479,808
3480,432
3481,78
3482,89
3483,344
3484,347
3485,583
3486,235
3487,482
3488,991
3489,164
3490,398
3491,228
3492,563
3493,95
3494,440
3495,795
3496,769
3497,172
3498,965
3499,415
3500,508
3501,941
3502,284
3503,722
3504,485
3505,146
3506,789
3507,804
3508,537
3509,832
3510,295
3511,876
3512,703
3513,814
3514,222
3515,666
3516,256
3517,253
3518,295
3519,68
3520,748
3521,305
3522,606
3523,338
3524,803
3525,607
3526,959
3527,107
3528,342
3529,706
3530,9
3531,149
3532,93
3533,747
3534,447
3535,190
3536,109
3537,84
3538,755
3539,735
3540,17
3541,995
3542,371
3543,479
3544,462
3545,617
3546,588
3547,201
3548,996
3549,404
3550,859
3551,46
3552,518
3553,95
3554,44
3555,336
3556,279
3557,59
3558,745
3559,884
3560,730
3561,49
3562,398
3563,623
3564,344
3565,222
3566,278
3567,86
3568,658
3569,564
3570,937
3571,456
3572,5
3573,350
3574,7
3575,164
3576,138
3577,345
3578,296
3579,959
3580,853
3581,951
3582,481
3583,949
3584,495
3585,986
3586,809
3587,357
3588,441
3589,630
3590,203
3591,915
3592,34
3593,486
3594,509
3595,94
3596,260
3597,617
3598,163
3599,946
3600,79
3601,173
3602,492
3603,566
3604,941
3605,763
3606,677
3607,898
3608,832
3609,255
3610,472
3611,153
3612,135
3613,133
3614,118
3615,662
3616,118
3617,735
3618,127
3619,791
3620,859
3621,478
3622,179
3623,952
3624,665
3625,82
3626,660
3627,754
3628,864
3629,550
3630,834
3631,972
3632,264
3633,18
3634,596
3635,589
3636,802
3637,740
3638,477
3639,427
3640,447
3641,857
3642,105
3643,190
3644,338
3645,588
3646,569
3647,267
3648,404
3649,349
3650,675
3651,794
3652,365
3653,870
3654,440
3655,872
3656,173
3657,349
3658,189
3659,799
3660,549
3661,269
3662,379
3663,861
3664,528
3665,952
3666,745
3667,632
3668,924
3669,314
3670,66
3671,836
3672,474
3673,397
3674,816
3675,381
3676,373
3677,141
3678,546
3679,610
3680,214
3681,491
3682,218
3683,346
3684,253
3685,237
3686,757
3687,451
3688,106
3689,971
3690,9
3691,422
3692,672
3693,540
3694,248
3695,948
3696,791
3697,521
3698,521
3699,487
3700,453
3701,568
3702,110
3703,733
3704,866
3705,991
3706,987
3707,132
3708,850
3709,973
3710,299
3711,869
3712,932
3713,472
3714,456
3715,160
3716,540
3717,749
3718,99
3719,96
3720,852
3721,4
3722,701
3723,647
3724,506
3725,64
3726,660
3727,182
3728,877
3729,535
3730,799
3731,314
3732,221
3733,181
3734,758
3735,80
3736,277
3737,937
3738,481
3739,822
3740,176
3741,308
3742,978
3743,682
3744,706
3745,260
3746,300
3747,322
3748,369
3749,153
3750,348
3751,598
3752,845
3753,485
3754,736
3755,18
3756,829
3757,916
3758,910
3759,81
3760,891
3761,386
3762,463
3763,149
3764,360
3765,952
3766,37
3767,958
3768,22
3769,610
3770,940
3771,598
3772,969
3773,189
3774,89
3775,365
3776,898
3777,642
3778,968
3779,267
3780,9
3781,571
3782,346
3783,845
3784,583
3785,517
3786,540
3787,56
3788,89
3789,948
3790,765
3791,974
3792,791
3793,261
3794,530
3795,305
3796,744
3797,892
3798,387
3799,709
3800,785
3801,83
3802,952
3803,136
3804,915
3805,964
3806,249
3807,439
3808,161
3809,50
3810,792
3811,771
3812,875
3813,320
3814,338
3815,2
3816,161
3817,400
3818,533
3819,969
3820,397
3821,382
3822,531
3823,293
3824,693
3825,178
3826,295
3827,412
3828,650
3829,278
3830,849
3831,685
3832,752
3833,785
3834,475
3835,151
3836,513
3837,321
3838,949
3839,205
3840,144
3841,67
3842,911
3843,9
3844,88
3845,848
3846,746
3847,929
3848,466
3849,704
3850,312
3851,275
3852,153
3853,540
3854,835
3855,102
3856,501
3857,911
3858,863
3859,502
3860,866
3861,314
3862,11
3863,694
3864,749
3865,138
3866,801
3867,197
3868,603
3869,967
3870,795
3871,421
3872,894
3873,315
3874,662
3875,354
3876,846
3877,847
3878,357
3879,250
3880,561
3881,383
3882,10
3883,76
3884,701
3885,180
3886,78
3887,478
3888,533
3889,300
3890,628
3891,220
3892,927
3893,26
3894,250
3895,141
3896,752
3897,785
3898,158
3899,258
3900,519
3901,835
3902,407
3903,811
3904,911
3905,767
3906,671
3907,832
3908,859
3909,962
3910,63
3911,612
3912,801
3913,344
3914,254
3915,675
3916,41
3917,349
3918,697
3919,923
3920,153
3921,724
3922,885
3923,822
3924,896
3925,989
3926,590
3927,40
3928,875
3929,484
3930,45
3931,73
3932,134
3933,3
3934,790
3935,422
3936,755
3937,137
3938,814
3939,780
3940,227
3941,751
3942,514
3943,357
3944,411
3945,184
3946,496
3947,431
3948,691
3949,234
3950,43
3951,175
3952,134
3953,107
3954,418
3955,610
3956,627
3957,713
3958,838
3959,232
3960,651
3961,695
3962,385
3963,320
3964,517
3965,208
3966,829
3967,864
3968,769
3969,181
3970,394
3971,867
3972,781
3973,433
3974,52
3975,217
3976,717
3977,691
3978,594
3979,36
3980,340
3981,735
3982,803
3983,336
3984,45
3985,903
3986,423
3987,655
3988,143
3989,455
3990,844
3991,804
3992,637
3993,494
3994,83
3995,878
3996,566
3997,258
3998,268
3999,851
4000,33
4001,999
4002,693
4003,328
4004,317
4005,21
4006,977
4007,573
4008,660
4009,532
4010,240
4011,85
4012,173
4013,285
4014,20
4015,881
4016,194
4017,145
4018,352
4019,904
4020,518
4021,987
4022,826
4023,254
4024,619
4025,780
4026,616
4027,141
4028,723
4029,99
4030,600
4031,20
4032,909
4033,343
4034,90
4035,678
4036,953
4037,857
4038,260
4039,403
4040,935
4041,675
4042,712
4043,590
4044,258
4045,866
4046,141
4047,93
4048,290
4049,121
4050,908
4051,654
4052,498
4053,258
4054,917
4055,959
4056,397
4057,9
4058,735
4059,839
4060,844
4061,281
4062,955
4063,871
4064,894
4065,660
4066,426
4067,504
4068,5
4069,931
4070,528
4071,552
4072,37
4073,409
4074,238
4075,265
4076,301
4077,164
4078,783
4079,705
4080,443
4081,435
4082,843
4083,143
4084,301
4085,541
4086,85
4087,315
4088,93
4089,412
4090,646
4091,377
4092,88
4093,220
4094,406
4095,96
4096,696
4097,533
4098,438
4099,83
4100,192
4101,968
4102,609
4103,765
4104,475
4105,575
4106,775
4107,290
4108,551
4109,671
4110,172
4111,731
4112,511
4113,861
4114,585
4115,67
4116,387
4117,120
4118,910
4119,41
4120,21
4121,778
4122,745
4123,1
4124,660
4125,887
4126,94
4127,791
4128,901
4129,683
4130,715
4131,83
4132,611
4133,457
4134,268
4135,958
4136,677
4137,99
4138,496
4139,521
4140,838
4141,882
4142,108
4143,579
4144,536
4145,422
4146,513
4147,414
4148,142
4149,634
4150,96
4151,119
4152,595
4153,565
4154,852
4155,102
4156,555
4157,814
4158,511
4159,3
4160,711
4161,451
4162,900
4163,839
4164,673
4165,333
4166,346
4167,861
4168,409
4169,983
4170,904
4171,47
4172,361
4173,936
4174,55
4175,821
4176,60
4177,698
4178,191
4179,66
4180,721
4181,512
4182,488
4183,864
4184,623
4185,602
4186,91
4187,682
4188,20
4189,682
4190,404
4191,975
4192,83
4193,705
4194,423
4195,661
4196,344
4197,627
4198,851
4199,758
4200,116
4201,487
4202,587
4203,455
4204,716
4205,232
4206,296
4207,731
4208,523
4209,425
4210,910
4211,952
4212,948
4213,561
4214,184
4215,756
4216,971
4217,779
4218,741
4219,20
4220,534
4221,885
4222,762
4223,251
4224,350
4225,232
4226,774
4227,110
4228,251
4229,55
4230,500
4231,91
4232,703
4233,87
4234,403
4235,650
4236,60
4237,582
4238,1
4239,708
4240,349
4241,404
4242,692
4243,578
4244,752
4245,513
4246,949
4247,803
4248,312
4249,583
4250,761
4251,832
4252,701
4253,526
4254,780
4255,393
4256,450
4257,753
4258,169
4259,809
4260,296
4261,362
4262,758
4263,531
4264,733
4265,780
4266,697
4267,381
4268,32
4269,561
4270,271
4271,349
4272,673
4273,865
4274,433
4275,204
4276,804
4277,944
4278,279
4279,10
4280,199
4281,146
4282,879
4283,599
4284,398
4285,665
4286,672
4287,46
4288,235
4289,694
4290,753
4291,50
4292,865
4293,396
4294,829
4295,447
4296,396
4297,938
4298,709
4299,811
4300,990
4301,671
4302,853
4303,538
4304,381
4305,997
4306,516
4307,410
4308,468
4309,209
4310,895
4311,582
4312,431
4313,558
4314,684
4315,447
4316,448
4317,937
4318,912
4319,118
4320,430
4321,497
4322,516
4323,47
4324,52
4325,237
4326,31
4327,649
4328,75
4329,841
4330,122
4331,20
4332,443
4333,579
4334,392
4335,803
4336,798
4337,253
4338,740
4339,728
4340,857
4341,652
4342,164
4343,82
4344,998
4345,665
4346,731
4347,49
4348,516
4349,157
4350,78
4351,298
4352,954
4353,93
4354,824
4355,695
4356,975
4357,842
4358,390
4359,613
4360,594
4361,814
4362,181
4363,513
4364,120
4365,498
4366,423
4367,660
4368,181
4369,467
4370,921
4371,691
4372,707
4373,628
4374,816
4375,699
4376,941
4377,237
4378,682
4379,727
4380,790
4381,964
4382,115
4383,39
4384,957
4385,40
4386,313
4387,989
4388,797
4389,492
4390,523
4391,518
4392,979
4393,738
4394,317
4395,636
4396,7
4397,641
4398,458
4399,306
4400,607
4401,814
4402,381
4403,537
4404,662
4405,983
4406,746
4407,287
4408,84
4409,180
4410,536
4411,12
4412,202
4413,425
4414,369
4415,767
4416,475
4417,994
4418,441
4419,746
4420,845
4421,767
4422,523
4423,162
4424,498
4425,261
4426,860
4427,576
4428,63
4429,472
4430,475
4431,59
4432,384
4433,995
4434,814
4435,306
4436,693
4437,958
4438,226
4439,65
4440,45
4441,877
4442,456
4443,441
4444,728
4445,596
4446,311
4447,811
4448,605
4449,411
4450,282
4451,344
4452,838
4453,688
4454,209
4455,876
4456,951
4457,806
4458,193
4459,535
4460,511
4461,662
4462,772
4463,863
4464,787
4465,392
4466,19
4467,643
4468,297
4469,715
4470,893
4471,263
4472,709
4473,213
4474,678
4475,213
4476,403
4477,881
4478,262
4479,489
4480,359
4481,712
4482,95
4483,794
4484,263
4485,302
4486,49
4487,79
4488,388
4489,889
4490,762
4491,419
4492,918
4493,836
4494,392
4495,574
4496,222
4497,380
4498,337
4499,716
4500,279
4501,709
4502,808
4503,456
4504,878
4505,295
4506,172
4507,407
4508,79
4509,327
4510,605
4511,256
4512,625
4513,630
4514,169
4515,423
4516,349
4517,952
4518,986
4519,331
4520,931
4521,211
4522,909
4523,361
4524,337
4525,60
4526,727
4527,137
4528,466
4529,953
4530,160
4531,868
4532,151
4533,236
4534,317
4535,380
4536,142
4537,378
4538,910
4539,641
4540,445
4541,360
4542,580
4543,723
4544,846
4545,646
4546,572
4547,456
4548,60
4549,620
4550,235
4551,236
4552,772
4553,727
4554,3
4555,885
4556,515
4557,473
4558,500
4559,268
4560,571
4561,690
4562,314
4563,218
4564,77
4565,39
4566,652
4567,690
4568,517
4569,173
4570,169
4571,5
4572,50
4573,685
4574,158
4575,722
4576,474
4577,428
4578,413
4579,32
4580,942
4581,454
4582,891
4583,490
4584,38
4585,452
4586,774
4587,333
4588,881
4589,706
4590,6
4591,333
4592,282
4593,690
4594,713
4595,730
4596,98
4597,788
4598,446
4599,771
4600,689
4601,177
4602,480
4603,986
4604,312
4605,673
4606,838
4607,374
4608,881
4609,218
4610,947
4611,905
4612,87
4613,119
4614,314
4615,165
4616,662
4617,367
4618,687
4619,119
4620,254
4621,42
4622,38
4623,943
4624,29
4625,614
4626,116
4627,699
4628,811
4629,557
4630,490
4631,493
4632,118
4633,473
4634,910
4635,413
4636,933
4637,568
4638,146
4639,954
4640,899
4641,538
4642,255
4643,527
4644,584
4645,316
4646,954
4647,501
4648,554
4649,58
4650,185
4651,52
4652,392
4653,261
4654,896
4655,189
4656,170
4657,222
4658,9
4659,220
4660,702
4661,684
4662,928
4663,821
4664,537
4665,642
4666,361
4667,802
4668,473
4669,361
4670,689
4671,2
4672,205
4673,253
4674,77
4675,431
4676,555
4677,970
4678,151
4679,529
4680,582
4681,314
4682,934
4683,731
4684,613
4685,484
4686,208
4687,359
4688,514
4689,665
4690,615
4691,435
4692,130
4693,137
4694,671
4695,846
4696,415
4697,802
4698,5
4699,123
4700,595
4701,712
4702,695
4703,712
4704,118
4705,98
4706,177
4707,705
4708,719
4709,555
4710,571
4711,833
4712,231
4713,690
4714,357
4715,50
4716,851
4717,34
4718,302
4719,20
4720,924
4721,821
4722,204
4723,888
4724,529
4725,924
4726,644
4727,388
4728,443
4729,591
4730,362
4731,912
4732,501
4733,646
4734,390
4735,768
4736,240
4737,638
4738,693
4739,415
4740,679
4741,673
4742,71
4743,641
4744,258
4745,982
4746,988
4747,503
4748,582
4749,763
4750,805
4751,908
4752,897
4753,267
4754,158
4755,988
4756,447
4757,284
4758,517
4759,522
4760,638
4761,543
4762,887
4763,751
4764,1
4765,819
4766,580
4767,662
4768,845
4769,521
4770,845
4771,728
4772,800
4773,118
4774,485
4775,727
4776,509
4777,284
4778,139
4779,693
4780,563
4781,873
4782,783
4783,573
4784,702
4785,885
4786,76
4787,840
4788,268
4789,290
4790,903
4791,670
4792,247
4793,204
4794,463
4795,437
4796,42
4797,957
4798,86
4799,619
4800,501
4801,691
4802,669
4803,175
4804,670
4805,753
4806,52
4807,527
4808,559
4809,203
4810,44
4811,111
4812,374
4813,591
4814,388
4815,681
4816,781
4817,489
4818,515
4819,231
4820,177
4821,208
4822,693
4823,478
4824,622
4825,837
4826,362
4827,253
4828,207
4829,963
4830,664
4831,722
4832,484
4833,347
4834,842
4835,561
4836,308
4837,476
4838,271
4839,649
4840,911
4841,32
4842,272
4843,521
4844,288
4845,39
4846,175
4847,293
4848,619
4849,659
4850,523
4851,430
4852,347
4853,606
4854,364
4855,799
4856,859
4857,659
4858,834
4859,224
4860,357
4861,125
4862,487
4863,117
4864,889
4865,34
4866,252
4867,96
4868,389
4869,432
4870,959
4871,75
4872,7
4873,14
4874,580
4875,244
4876,365
4877,709
4878,44
4879,138
4880,642
4881,274
4882,127
4883,866
4884,648
4885,621
4886,935
4887,926
4888,96
4889,919
4890,161
4891,795
4892,832
4893,834
4894,623
4895,957
4896,261
4897,75
4898,34
4899,952
4900,736
4901,253
4902,430
4903,222
4904,235
4905,730
4906,169
4907,420
4908,531
4909,447
4910,595
4911,597
4912,790
4913,604
4914,969
4915,64
4916,716
4917,569
4918,840
4919,298
4920,132
4921,529
4922,570
4923,823
4924,605
4925,342
4926,257
4927,314
4928,147
4929,216
4930,972
4931,814
4932,377
4933,23
4934,455
4935,260
4936,489
4937,586
4938,614
4939,426
4940,228
4941,173
4942,246
4943,138
4944,911
4945,807
4946,881
4947,153
4948,831
4949,752
4950,345
4951,794
4952,221
4953,556
4954,247
4955,408
4956,494
4957,476
4958,352
4959,494
4960,357
4961,325
4962,431
4963,881
4964,662
4965,224
4966,214
4967,927
4968,460
4969,463
4970,344
4971,398
4972,53
4973,790
4974,846
4975,653
4976,548
4977,246
4978,107
4979,562
4980,261
4981,802
4982,783
4983,826
4984,252
4985,190
4986,651
4987,284
4988,349
4989,628
4990,650
4991,551
4992,457
4993,933
4994,863
4995,132
4996,684
4997,890
4998,321
4999,756
5000,158
5001,425
5002,568
5003,492
5004,628
5005,148
5006,371
5007,165
5008,790
5009,208
5010,220
5011,601
5012,266
5013,946
5014,309
5015,619
5016,831
5017,139
5018,721
5019,400
5020,222
5021,563
5022,432
5023,531
5024,587
5025,978
5026,5
5027,819
5028,37
5029,991
5030,586
5031,834
5032,725
5033,851
5034,133
5035,338
5036,512
5037,297
5038,819
5039,631
5040,846
5041,412
5042,114
5043,572
5044,991
5045,284
5046,630
5047,871
5048,509
5049,469
5050,295
5051,124
5052,36
5053,989
5054,312
5055,938
5056,402
5057,784
5058,566
5059,433
5060,56
5061,937
5062,50
5063,183
5064,708
5065,352
5066,658
5067,112
5068,739
5069,388
5070,580
5071,557
5072,799
5073,492
5074,297
5075,706
5076,607
5077,488
5078,362
5079,761
5080,497
5081,263
5082,881
5083,423
5084,521
5085,231
5086,904
5087,862
5088,55
5089,826
5090,715
5091,61
5092,140
5093,372
5094,411
5095,134
5096,860
5097,663
5098,887
5099,78
5100,954
5101,945
5102,416
5103,72
5104,62
5105,904
5106,677
5107,832
5108,395
5109,568
5110,223
5111,96
5112,716
5113,489
5114,775
5115,777
5116,425
5117,59
5118,951
5119,486
5120,40
5121,737
5122,316
5123,958
5124,794
5125,488
5126,847
5127,832
5128,241
5129,609
5130,31
5131,719
5132,171
5133,815
5134,39
5135,282
5136,396
5137,81
5138,700
5139,87
5140,729
5141,913
5142,485
5143,745
5144,218
5145,533
5146,56
5147,685
5148,793
5149,257
5150,875
5151,888
5152,156
5153,572
5154,722
5155,505
5156,807
5157,245
5158,394
5159,737
5160,767
5161,215
5162,670
5163,14
5164,490
5165,675
5166,810
5167,286
5168,954
5169,991
5170,572
5171,0
5172,78
5173,472
5174,330
5175,317
5176,828
5177,986
5178,290
5179,335
5180,636
5181,46
5182,665
5183,722
5184,8
5185,175
5186,177
5187,163
5188,708
5189,16
5190,150
5191,487
5192,774
5193,726
5194,740
5195,264
5196,376
5197,432
5198,463
5199,733
5200,620
5201,128
5202,153
5203,315
5204,577
5205,816
5206,79
5207,602
5208,32
5209,786
5210,486
5211,239
5212,744
5213,484
5214,365
5215,880
5216,173
5217,707
5218,41
5219,32
5220,599
5221,76
5222,254
5223,781
5224,879
5225,172
5226,411
5227,381
5228,152
5229,279
5230,986
5231,411
5232,943
5233,54
5234,140
5235,390
5236,322
5237,902
5238,411
5239,437
5240,502
5241,178
5242,450
5243,656
5244,699
5245,890
5246,941
5247,656
5248,228
5249,336
5250,79
5251,901
5252,180
5253,441
5254,56
5255,973
5256,259
5257,869
5258,270
5259,256
5260,181
5261,201
5262,597
5263,131
5264,384
5265,480
5266,278
5267,965
5268,564
5269,744
5270,924
5271,584
5272,703
5273,513
5274,758
5275,882
5276,619
5277,302
5278,439
5279,325
5280,780
5281,762
5282,153
5283,841
5284,918
5285,535
5286,583
5287,95
5288,821
5289,265
5290,89
5291,194
5292,833
5293,455
5294,619
5295,69
5296,666
5297,864
5298,546
5299,768
5300,998
5301,263
5302,595
5303,489
5304,145
5305,184
5306,813
5307,224
5308,236
5309,853
5310,469
5311,798
5312,122
5313,134
5314,529
5315,808
5316,74
5317,828
5318,95
5319,521
5320,421
5321,106
5322,250
5323,96
5324,863
5325,703
5326,21
5327,432
5328,423
5329,366
5330,817
5331,336
5332,365
5333,411
5334,735
5335,380
5336,163
5337,553
5338,861
5339,730
5340,217
5341,544
5342,533
5343,596
5344,577
5345,9
5346,364
5347,931
5348,182
5349,90
5350,742
5351,674
5352,983
5353,879
5354,749
5355,566
5356,165
5357,462
5358,218
5359,578
5360,634
5361,882
5362,781
5363,925
5364,814
5365,752
5366,434
5367,638
5368,173
5369,2
5370,818
5371,665
5372,550
5373,204
5374,954
5375,451
5376,51
5377,422
5378,408
5379,308
5380,814
5381,17
5382,500
5383,128
5384,261
5385,535
5386,96
5387,798
5388,372
5389,302
5390,271
5391,95
5392,453
5393,717
5394,205
5395,486
5396,736
5397,808
5398,555
5399,313
5400,829
5401,732
5402,211
5403,675
5404,866
5405,205
5406,305
5407,32
5408,590
5409,534
5410,47
5411,708
5412,959
5413,300
5414,648
5415,314
5416,2
5417,990
5418,679
5419,281
5420,544
5421,686
5422,760
5423,752
5424,893
5425,703
5426,261
5427,492
5428,222
5429,701
5430,500
5431,729
5432,850
5433,817
5434,957
5435,545
5436,868
5437,407
5438,961
5439,580
5440,175
5441,145
5442,810
5443,817
5444,313
5445,939
5446,212
5447,877
5448,191
5449,573
5450,528
5451,952
5452,693
5453,310
5454,298
5455,664
5456,738
5457,485
5458,284
5459,56
5460,979
5461,846
5462,326
5463,394
5464,541
5465,561
5466,83
5467,472
5468,339
5469,674
5470,447
5471,208
5472,46
5473,803
5474,471
5475,924
5476,713
5477,967
5478,74
5479,472
5480,912
5481,557
5482,974
5483,347
5484,399
5485,854
5486,237
5487,623
5488,257
5489,876
5490,803
5491,475
5492,68
5493,848
5494,375
5495,739
5496,393
5497,611
5498,182
5499,614
5500,531
5501,161
5502,750
5503,576
5504,413
5505,500
5506,668
5507,490
5508,476
5509,913
5510,222
5511,355
5512,133
5513,729
5514,715
5515,93
5516,860
5517,304
5518,56
5519,794
5520,863
5521,768
5522,802
5523,393
5524,863
5525,7
5526,228
5527,52
5528,216
5529,569
5530,816
5531,213
5532,173
5533,987
5534,899
5535,34
5536,97
5537,784
5538,873
5539,814
5540,578
5541,770
5542,451
5543,376
5544,270
5545,574
5546,932
5547,748
5548,236
5549,866
5550,702
5551,371
5552,677
5553,896
5554,606
5555,904
5556,358
5557,705
5558,394
5559,242
5560,290
5561,160
5562,175
5563,912
5564,295
5565,697
5566,425
5567,422
5568,527
5569,313
5570,217
5571,466
5572,858
5573,367
5574,41
5575,119
5576,701
5577,651
5578,695
5579,816
5580,781
5581,772
5582,834
5583,502
5584,158
5585,956
5586,19
5587,89
5588,499
5589,445
5590,314
5591,775
5592,173
5593,469
5594,880
5595,955
5596,671
5597,252
5598,218
5599,743
5600,482
5601,779
5602,389
5603,842
5604,477
5605,384
5606,185
5607,497
5608,354
5609,519
5610,207
5611,754
5612,136
5613,142
5614,4
5615,15
5616,25
5617,42
5618,686
5619,361
5620,681
5621,675
5622,995
5623,910
5624,162
5625,691
5626,767
5627,244
5628,45
5629,927
5630,670
5631,240
5632,26
5633,437
5634,975
5635,88
5636,486
5637,921
5638,941
5639,665
5640,531
5641,97
5642,345
5643,680
5644,232
5645,538
5646,580
5647,2
5648,996
5649,471
5650,330
5651,172
5652,284
5653,228
5654,788
5655,629
5656,59
5657,518
5658,601
5659,941
5660,220
5661,390
5662,566
5663,365
5664,32
5665,628
5666,568
5667,43
5668,559
5669,128
5670,542
5671,658
5672,692
5673,873
5674,610
5675,588
5676,322
5677,376
5678,101
5679,510
5680,164
5681,600
5682,16
5683,318
5684,431
5685,879
5686,182
5687,520
5688,878
5689,66
5690,909
5691,518
5692,130
5693,770
5694,521
5695,700
5696,470
5697,549
5698,409
5699,378
5700,462
5701,276
5702,232
5703,521
5704,932
5705,599
5706,274
5707,204
5708,742
5709,674
5710,275
5711,826
5712,627
5713,49
5714,848
5715,138
5716,870
5717,230
5718,535
5719,954
5720,37
5721,337
5722,433
5723,652
5724,722
5725,979
5726,257
5727,450
5728,422
5729,674
5730,400
5731,63
5732,91
5733,334
5734,149
5735,833
5736,170
5737,949
5738,189
5739,540
5740,498
5741,112
5742,484
5743,349
5744,302
5745,975
5746,394
5747,188
5748,396
5749,947
5750,161
5751,778
5752,559
5753,912
5754,344
5755,619
5756,499
5757,533
5758,724
5759,501
5760,357
5761,709
5762,845
5763,961
5764,539
5765,42
5766,252
5767,696
5768,391
5769,409
5770,857
5771,157
5772,992
5773,412
5774,469
5775,563
5776,869
5777,74
5778,281
5779,32
5780,217
5781,693
5782,923
5783,120
5784,389
5785,22
5786,795
5787,367
5788,41
5789,555
5790,143
5791,73
5792,781
5793,821
5794,609
5795,423
5796,534
5797,709
5798,816
5799,799
5800,619
5801,618
5802,253
5803,861
5804,113
5805,466
5806,146
5807,595
5808,746
5809,612
5810,608
5811,827
5812,751
5813,718
5814,980
5815,548
5816,980
5817,52
5818,881
5819,66
5820,318
5821,386
5822,360
5823,177
5824,168
5825,861
5826,261
5827,17
5828,187
5829,466
5830,66
5831,610
5832,454
5833,580
5834,573
5835,280
5836,729
5837,275
5838,801
5839,211
5840,76
5841,391
5842,525
5843,643
5844,63
5845,885
5846,308
5847,576
5848,401
5849,57
5850,247
5851,805
5852,109
5853,664
5854,615
5855,303
5856,575
5857,435
5858,278
5859,938
5860,651
5861,13
5862,75
5863,370
5864,163
5865,250
5866,683
5867,280
5868,1
5869,644
5870,145
5871,514
5872,988
5873,945
5874,883
5875,770
5876,652
5877,691
5878,270
5879,118
5880,294
5881,436
5882,821
5883,769
5884,475
5885,928
5886,728
5887,519
5888,611
5889,249
5890,952
5891,433
5892,110
5893,216
5894,855
5895,169
5896,240
5897,84
5898,80
5899,328
5900,992
5901,211
5902,88
5903,732
5904,933
5905,525
5906,20
5907,308
5908,400
5909,778
5910,395
5911,435
5912,818
5913,686
5914,207
5915,103
5916,962
5917,17
5918,130
5919,81
5920,537
5921,164
5922,780
5923,512
5924,976
5925,344
5926,29
5927,758
5928,271
5929,175
5930,507
5931,284
5932,333
5933,16
5934,795
5935,410
5936,991
5937,829
5938,33
5939,784
5940,753
5941,388
5942,666
5943,522
5944,759
5945,606
5946,310
5947,524
5948,430
5949,472
5950,84
5951,181
5952,114
5953,301
5954,738
5955,498
5956,561
5957,993
5958,265
5959,462
5960,975
5961,964
5962,410
5963,948
5964,151
5965,969
5966,355
5967,950
5968,195
5969,433
5970,13
5971,721
5972,36
5973,599
5974,424
5975,877
5976,654
5977,788
5978,740
5979,905
5980,868
5981,128
5982,149
5983,279
5984,952
5985,444
5986,978
5987,621
5988,467
5989,25
5990,43
5991,353
5992,153
5993,620
5994,21
5995,215
5996,393
5997,638
5998,424
5999,115
6000,217
6001,816
6002,294
6003,271
6004,339
6005,783
6006,196
6007,486
6008,178
6009,993
6010,815
6011,63
6012,64
6013,230
6014,34
6015,695
6016,791
6017,223
6018,557
6019,141
6020,756
6021,552
6022,685
6023,70
6024,347
6025,798
6026,779
6027,238
6028,834
6029,707
6030,503
6031,260
6032,135
6033,863
6034,915
6035,121
6036,562
6037,388
6038,514
6039,723
6040,182
6041,460
6042,439
6043,409
6044,997
6045,48
6046,29
6047,400
6048,544
6049,71
6050,630
6051,874
6052,482
6053,569
6054,252
6055,655
6056,264
6057,828
6058,576
6059,641
6060,475
6061,141
6062,146
6063,19
6064,646
6065,678
6066,888
6067,359
6068,231
6069,481
6070,179
6071,986
6072,669
6073,546
6074,185
6075,817
6076,974
6077,587
6078,206
6079,746
6080,506
6081,652
6082,89
6083,473
6084,192
6085,92
6086,196
6087,114
6088,784
6089,538
6090,36
6091,513
6092,941
6093,648
6094,150
6095,587
6096,325
6097,877
6098,990
6099,187
6100,618
6101,419
6102,658
6103,302
6104,809
6105,392
6106,909
6107,304
6108,361
6109,378
6110,997
6111,32
6112,662
6113,753
6114,160
6115,803
6116,225
6117,861
6118,877
6119,503
6120,173
6121,50
6122,880
6123,155
6124,62
6125,894
6126,995
6127,227
6128,928
6129,116
6130,338
6131,59
6132,16
6133,302
6134,13
6135,480
6136,447
6137,470
6138,342
6139,166
6140,793
6141,307
6142,395
6143,863
6144,326
6145,304
6146,649
6147,314
6148,902
6149,893
6150,476
6151,979
6152,708
6153,192
6154,302
6155,236
6156,712
6157,958
6158,798
6159,696
6160,610
6161,482
6162,166
6163,140
6164,534
6165,93
6166,695
6167,884
6168,981
6169,740
6170,939
6171,445
6172,45
6173,430
6174,818
6175,897
6176,64
6177,528
6178,738
6179,955
6180,107
6181,575
6182,959
6183,897
6184,332
6185,1
6186,480
6187,22
6188,336
6189,90
6190,726
6191,56
6192,561
6193,365
6194,894
6195,67
6196,765
6197,478
6198,190
6199,280
6200,344
6201,711
6202,133
6203,16
6204,587
6205,977
6206,815
6207,326
6208,810
6209,779
6210,305
6211,484
6212,685
6213,52
6214,126
6215,167
6216,819
6217,294
6218,991
6219,838
6220,74
6221,706
6222,127
6223,594
6224,893
6225,987
6226,44
6227,1
6228,946
6229,122
6230,652
6231,425
6232,670
6233,29
6234,409
6235,131
6236,996
6237,87
6238,991
6239,424
6240,990
6241,489
6242,860
6243,641
6244,324
6245,841
6246,752
6247,718
6248,87
6249,470
6250,629
6251,221
6252,268
6253,263
6254,294
6255,172
6256,126
6257,522
6258,0
6259,525
6260,753
6261,516
6262,251
6263,97
6264,920
6265,360
6266,992
6267,279
6268,337
6269,899
6270,324
6271,867
6272,724
6273,164
6274,113
6275,700
6276,106
6277,838
6278,148
6279,552
6280,904
6281,988
6282,876
6283,672
6284,924
6285,451
6286,576
6287,220
6288,858
6289,10
6290,729
6291,879
6292,937
6293,502
6294,673
6295,909
6296,53
6297,173
6298,409
6299,122
6300,208
6301,57
6302,774
6303,499
6304,759
6305,580
6306,118
6307,351
6308,506
6309,292
6310,341
6311,618
6312,773
6313,709
6314,642
6315,263
6316,89
6317,841
6318,215
6319,136
6320,189
6321,354
6322,874
6323,720
6324,441
6325,837
6326,180
6327,723
6328,544
6329,99
6330,452
6331,779
6332,975
6333,341
6334,170
6335,20
6336,145
6337,455
6338,231
6339,488
6340,243
6341,910
6342,846
6343,48
6344,81
6345,957
6346,421
6347,545
6348,978
6349,986
6350,588
6351,779
6352,532
6353,315
6354,416
6355,824
6356,869
6357,979
6358,312
6359,98
6360,823
6361,626
6362,611
6363,728
6364,559
6365,161
6366,943
6367,243
6368,501
6369,228
6370,574
6371,693
6372,543
6373,754
6374,794
6375,449
6376,301
6377,818
6378,180
6379,460
6380,561
6381,253
6382,650
6383,660
6384,684
6385,552
6386,920
6387,760
6388,36
6389,705
6390,740
6391,316
6392,236
6393,938
6394,941
6395,467
6396,386
6397,612
6398,479
6399,555
6400,503
6401,605
6402,253
6403,743
6404,535
6405,44
6406,577
6407,407
6408,596
6409,76
6410,598
6411,89
6412,611
6413,364
6414,784
6415,446
6416,566
6417,240
6418,837
6419,673
6420,494
6421,910
6422,375
6423,223
6424,139
6425,459
6426,205
6427,440
6428,52
6429,828
6430,963
6431,304
6432,118
6433,454
6434,508
6435,357
6436,981
6437,656
6438,821
6439,359
6440,290
6441,791
6442,61
6443,751
6444,479
6445,92
6446,533
6447,312
6448,585
6449,800
6450,221
6451,967
6452,347
6453,274
6454,819
6455,851
6456,946
6457,869
6458,380
6459,760
6460,344
6461,224
6462,403
6463,585
6464,441
6465,416
6466,810
6467,520
6468,177
6469,19
6470,51
6471,805
6472,387
6473,904
6474,278
6475,423
6476,112
6477,626
6478,725
6479,967
6480,870
6481,81
6482,806
6483,39
6484,702
6485,265
6486,468
6487,40
6488,564
6489,314
6490,861
6491,977
6492,782
6493,130
6494,7
6495,696
6496,518
6497,829
6498,528
6499,735
6500,774
6501,243
6502,576
6503,861
6504,730
6505,17
6506,693
6507,829
6508,909
6509,132
6510,630
6511,771
6512,422
6513,12
6514,306
6515,58
6516,583
6517,906
6518,862
6519,947
6520,697
6521,642
6522,528
6523,328
6524,502
6525,523
6526,126
6527,56
6528,354
6529,232
6530,271
6531,803
6532,969
6533,466
6534,657
6535,142
6536,770
6537,35
6538,424
6539,431
6540,154
6541,179
6542,316
6543,484
6544,916
6545,291
6546,50
6547,83
6548,691
6549,34
6550,412
6551,952
6552,546
6553,648
6554,828
6555,764
6556,911
6557,81
6558,621
6559,383
6560,302
6561,192
6562,128
6563,982
6564,170
6565,389
6566,290
6567,478
6568,139
6569,895
6570,548
6571,258
6572,24
6573,535
6574,730
6575,97
6576,520
6577,318
6578,992
6579,174
6580,259
6581,77
6582,646
6583,909
6584,364
6585,10
6586,343
6587,616
6588,649
6589,919
6590,950
6591,997
6592,871
6593,301
6594,149
6595,951
6596,486
6597,830
6598,642
6599,696
6600,408
6601,31
6602,777
6603,608
6604,727
6605,414
6606,55
6607,205
6608,819
6609,337
6610,153
6611,317
6612,125
6613,994
6614,194
6615,555
6616,951
6617,342
6618,169
6619,795
6620,377
6621,735
6622,848
6623,28
6624,816
6625,43
6626,568
6627,813
6628,970
6629,130
6630,684
6631,619
6632,842
6633,239
6634,631
6635,727
6636,289
6637,68
6638,576
6639,623
6640,485
6641,450
6642,959
6643,9
6644,488
6645,197
6646,529
6647,312
6648,866
6649,613
6650,999
6651,951
6652,73
6653,831
6654,187
6655,334
6656,145
6657,965
6658,618
6659,416
6660,588
6661,616
6662,647
6663,427
6664,502
6665,525
6666,609
6667,207
6668,508
6669,783
6670,867
6671,26
6672,349
6673,127
6674,469
6675,162
6676,755
6677,609
6678,805
6679,371
6680,175
6681,988
6682,324
6683,412
6684,953
6685,969
6686,728
6687,873
6688,141
6689,59
6690,955
6691,239
6692,785
6693,561
6694,660
6695,376
6696,584
6697,713
6698,238
6699,9
6700,456
6701,697
6702,722
6703,574
6704,980
6705,834
6706,755
6707,938
6708,855
6709,238
6710,125
6711,503
6712,962
6713,576
6714,384
6715,180
6716,0
6717,871
6718,792
6719,179
6720,403
6721,871
6722,577
6723,907
6724,559
6725,940
6726,562
6727,860
6728,448
6729,941
6730,681
6731,323
6732,490
6733,769
6734,850
6735,123
6736,274
6737,755
6738,142
6739,316
6740,25
6741,532
6742,334
6743,708
6744,759
6745,223
6746,947
6747,457
6748,441
6749,441
6750,593
6751,74
6752,433
6753,518
6754,811
6755,904
6756,19
6757,380
6758,558
6759,0
6760,880
6761,324
6762,166
6763,947
6764,878
6765,197
6766,513
6767,861
6768,808
6769,521
6770,899
6771,980
6772,159
6773,967
6774,240
6775,830
6776,601
6777,379
6778,584
6779,314
6780,540
6781,280
6782,613
6783,941
6784,99
6785,103
6786,369
6787,403
6788,592
6789,629
6790,970
6791,975
6792,879
6793,742
6794,533
6795,344
6796,422
6797,266
6798,98
6799,295
6800,625
6801,846
6802,120
6803,165
6804,459
6805,514
6806,657
6807,762
6808,500
6809,164
6810,342
6811,498
6812,771
6813,486
6814,689
6815,357
6816,628
6817,535
6818,510
6819,347
6820,138
6821,498
6822,693
6823,647
6824,865
6825,677
6826,895
6827,980
6828,627
6829,430
6830,156
6831,389
6832,503
6833,570
6834,585
6835,51
6836,19
6837,859
6838,174
6839,988
6840,521
6841,851
6842,555
6843,368
6844,536
6845,788
6846,113
6847,690
6848,785
6849,335
6850,684
6851,493
6852,786
6853,382
6854,437
6855,623
6856,675
6857,932
6858,204
6859,126
6860,903
6861,177
6862,13
6863,997
6864,922
6865,870
6866,742
6867,525
6868,434
6869,221
6870,17
6871,492
6872,44
6873,929
6874,203
6875,96
6876,560
6877,129
6878,342
6879,496
6880,573
6881,871
6882,831
6883,392
6884,521
6885,637
6886,699
6887,816
6888,739
6889,195
6890,142
6891,170
6892,866
6893,75
6894,838
6895,175
6896,822
6897,411
6898,988
6899,144
6900,728
6901,409
6902,431
6903,219
6904,605
6905,277
6906,693
6907,965
6908,268
6909,196
6910,598
6911,749
6912,127
6913,22
6914,178
6915,826
6916,158
6917,935
6918,686
6919,333
6920,509
6921,978
6922,86
6923,571
6924,830
6925,980
6926,516
6927,550
6928,679
6929,251
6930,69
6931,547
6932,472
6933,972
6934,58
6935,213
6936,282
6937,251
6938,47
6939,213
6940,232
6941,26
6942,313
6943,453
6944,196
6945,605
6946,177
6947,47
6948,245
6949,212
6950,743
6951,66
6952,213
6953,244
6954,209
6955,430
6956,917
6957,912
6958,279
6959,475
6960,801
6961,876
6962,229
6963,98
6964,627
6965,444
6966,97
6967,382
6968,962
6969,393
6970,483
6971,157
6972,614
6973,821
6974,128
6975,21
6976,175
6977,441
6978,380
6979,277
6980,837
6981,299
6982,948
6983,592
6984,373
6985,660
6986,638
6987,622
6988,364
6989,686
6990,368
6991,705
6992,90
6993,365
6994,606
6995,223
6996,144
6997,669
6998,849
6999,342
7000,280
7001,965
7002,34
7003,966
7004,410
7005,784
7006,460
7007,462
7008,853
7009,482
7010,927
7011,29
7012,732
7013,28
7014,119
7015,831
7016,321
7017,200
7018,180
7019,543
7020,959
7021,51
7022,795
7023,960
7024,265
7025,400
7026,600
7027,591
7028,644
7029,225
7030,49
7031,519
7032,554
7033,577
7034,740
7035,251
7036,369
7037,799
7038,882
7039,149
7040,260
7041,740
7042,771
7043,868
7044,830
7045,426
7046,24
7047,691
7048,527
7049,258
7050,279
7051,325
7052,996
7053,154
7054,222
7055,222
7056,869
7057,173
7058,519
7059,836
7060,378
7061,51
7062,344
7063,523
7064,649
7065,139
7066,709
7067,159
7068,106
7069,99
7070,179
7071,253
7072,654
7073,505
7074,0
7075,991
7076,922
7077,748
7078,748
7079,457
7080,946
7081,801
7082,159
7083,378
7084,556
7085,568
7086,431
7087,799
7088,770
7089,228
7090,344
7091,859
7092,525
7093,538
7094,838
7095,253
7096,908
7097,119
7098,825
7099,461
7100,37
7101,647
7102,947
7103,716
7104,42
7105,116
7106,414
7107,852
7108,282
7109,646
7110,473
7111,876
7112,341
7113,536
7114,128
7115,54
7116,987
7117,814
7118,325
7119,619
7120,0
7121,298
7122,720
7123,556
7124,202
7125,145
7126,213
7127,623
7128,928
7129,677
7130,222
7131,259
7132,150
7133,830
7134,605
7135,62
7136,60
7137,82
7138,6
7139,786
7140,48
7141,329
7142,907
7143,31
7144,539
7145,75
7146,997
7147,241
7148,364
7149,967
7150,162
7151,82
7152,360
7153,96
7154,426
7155,993
7156,650
7157,66
7158,111
7159,310
7160,262
7161,666
7162,130
7163,501
7164,767
7165,269
7166,341
7167,463
7168,420
7169,95
7170,410
7171,626
7172,660
7173,422
7174,122
7175,60
7176,951
7177,643
7178,647
7179,642
7180,802
7181,177
7182,993
7183,666
7184,443
7185,239
7186,650
7187,224
7188,342
7189,953
7190,737
7191,498
7192,342
7193,349
7194,128
7195,261
7196,885
7197,638
7198,404
7199,304
7200,199
7201,702
7202,56
7203,964
7204,835
7205,295
7206,153
7207,745
7208,299
7209,341
7210,689
7211,342
7212,207
7213,477
7214,618
7215,453
7216,314
7217,345
7218,334
7219,353
7220,762
7221,353
7222,12
7223,659
7224,667
7225,898
7226,660
7227,256
7228,856
7229,795
7230,315
7231,911
7232,183
7233,705
7234,182
7235,905
7236,825
7237,619
7238,262
7239,49
7240,360
7241,859
7242,697
7243,745
7244,322
7245,122
7246,770
7247,775
7248,313
7249,846
7250,674
7251,304
7252,482
7253,350
7254,824
7255,66
7256,469
7257,939
7258,690
7259,660
7260,521
7261,363
7262,7
7263,51
7264,845
7265,698
7266,410
7267,5
7268,34
7269,5
7270,665
7271,32
7272,129
7273,49
7274,284
7275,244
7276,782
7277,388
7278,845
7279,552
7280,739
7281,828
7282,87
7283,206
7284,383
7285,857
7286,298
7287,773
7288,266
7289,183
7290,432
7291,693
7292,265
7293,779
7294,248
7295,290
7296,393
7297,127
7298,751
7299,302
7300,941
7301,489
7302,330
7303,188
7304,782
7305,636
7306,732
7307,828
7308,800
7309,34
7310,699
7311,427
7312,269
7313,344
7314,958
7315,138
7316,56
7317,378
7318,92
7319,37
7320,991
7321,499
7322,245
7323,93
7324,675
7325,283
7326,969
7327,690
7328,932
7329,235
7330,31
7331,264
7332,500
7333,82
7334,743
7335,326
7336,532
7337,792
7338,960
7339,206
7340,236
7341,628
7342,694
7343,784
7344,709
7345,60
7346,177
7347,568
7348,96
7349,832
7350,971
7351,89
7352,643
7353,8
7354,343
7355,181
7356,949
7357,381
7358,315
7359,255
7360,297
7361,357
7362,858
7363,68
7364,394
7365,34
7366,48
7367,251
7368,209
7369,572
7370,112
7371,953
7372,990
7373,115
7374,663
7375,46
7376,996
7377,976
7378,191
7379,347
7380,743
7381,225
7382,722
7383,326
7384,570
7385,453
7386,150
7387,822
7388,127
7389,752
7390,212
7391,658
7392,105
7393,144
7394,156
7395,686
7396,97
7397,958
7398,411
7399,377
7400,64
7401,866
7402,605
7403,421
7404,652
7405,98
7406,471
7407,945
7408,368
7409,56
7410,957
7411,218
7412,131
7413,588
7414,867
7415,172
7416,760
7417,105
7418,979
7419,508
7420,740
7421,602
7422,424
7423,185
7424,425
7425,566
7426,979
7427,820
7428,20
7429,144
7430,372
7431,487
7432,999
7433,874
7434,126
7435,804
7436,803
7437,536
7438,345
7439,861
7440,494
7441,536
7442,547
7443,535
7444,574
7445,618
7446,274
7447,931
7448,392
7449,124
7450,55
7451,909
7452,76
7453,660
7454,438
7455,242
7456,46
7457,475
7458,704
7459,761
7460,869
7461,142
7462,812
7463,445
7464,261
7465,635
7466,467
7467,15
7468,991
7469,813
7470,270
7471,561
7472,386
7473,996
7474,861
7475,936
7476,91
7477,368
7478,504
7479,905
7480,703
7481,228
7482,761
7483,598
7484,206
7485,948
7486,604
7487,273
7488,265
7489,15
7490,675
7491,971
7492,433
7493,365
7494,828
7495,657
7496,23
7497,936
7498,786
7499,939
7500,302
7501,192
7502,922
7503,475
7504,693
7505,41
7506,872
7507,599
7508,715
7509,599
7510,658
7511,572
7512,947
7513,526
7514,189
7515,822
7516,922
7517,102
7518,942
7519,263
7520,816
7521,72
7522,415
7523,915
7524,885
7525,300
7526,513
7527,302
7528,393
7529,389
7530,303
7531,85
7532,747
7533,9
7534,516
7535,414
7536,863
7537,896
7538,474
7539,338
7540,77
7541,569
7542,700
7543,55
7544,326
7545,302
7546,435
7547,360
7548,302
7549,287
7550,669
7551,347
7552,666
7553,683
7554,343
7555,818
7556,266
7557,232
7558,42
7559,1000
7560,559
7561,525
7562,914
7563,576
7564,850
7565,180
7566,730
7567,457
7568,558
7569,507
7570,873
7571,894
7572,893
7573,733
7574,55
7575,85
7576,842
7577,217
7578,99
7579,871
7580,513
7581,791
7582,247
7583,939
7584,952
7585,965
7586,582
7587,125
7588,33
7589,587
7590,582
7591,796
7592,563
7593,621
7594,11
7595,341
7596,580
7597,994
7598,182
7599,215
7600,576
7601,221
7602,527
7603,96
7604,37
7605,770
7606,482
7607,180
7608,132
7609,995
7610,192
7611,968
7612,659
7613,725
7614,487
7615,43
7616,520
7617,49
7618,322
7619,838
7620,826
7621,376
7622,579
7623,369
7624,470
7625,104
7626,279
7627,916
7628,482
7629,347
7630,774
7631,814
7632,438
7633,665
7634,1
7635,55
7636,214
7637,102
7638,554
7639,897
7640,660
7641,820
7642,707
7643,340
7644,361
7645,475
7646,408
7647,957
7648,71
7649,526
7650,652
7651,972
7652,302
7653,752
7654,279
7655,237
7656,147
7657,529
7658,626
7659,577
7660,853
7661,264
7662,897
7663,20
7664,132
7665,827
7666,865
7667,187
7668,568
7669,791
7670,912
7671,177
7672,332
7673,476
7674,442
7675,176
7676,161
7677,151
7678,19
7679,709
7680,263
7681,351
7682,118
7683,545
7684,496
7685,404
7686,847
7687,481
7688,575
7689,868
7690,810
7691,724
7692,781
7693,571
7694,273
7695,722
7696,305
7697,251
7698,373
7699,284
7700,303
7701,561
7702,32
7703,685
7704,804
7705,896
7706,615
7707,840
7708,984
7709,650
7710,728
7711,614
7712,166
7713,630
7714,841
7715,686
7716,971
7717,194
7718,149
7719,822
7720,454
7721,836
7722,532
7723,323
7724,464
7725,218
7726,479
7727,926
7728,690
7729,443
7730,190
7731,490
7732,665
7733,657
7734,992
7735,427
7736,853
7737,6
7738,705
7739,957
7740,632
7741,581
7742,454
7743,606
7744,136
7745,355
7746,46
7747,460
7748,425
7749,144
7750,65
7751,235
7752,607
7753,430
7754,807
7755,36
7756,8
7757,924
7758,548
7759,83
7760,923
7761,694
7762,533
7763,665
7764,755
7765,88
7766,224
7767,254
7768,996
7769,3
7770,988
7771,393
7772,537
7773,689
7774,455
7775,556
7776,73
7777,772
7778,575
7779,112
7780,505
7781,823
7782,239
7783,21
7784,490
7785,982
7786,94
7787,689
7788,124
7789,617
7790,262
7791,271
7792,615
7793,84
7794,111
7795,197
7796,864
7797,256
7798,316
7799,707
7800,658
7801,922
7802,529
7803,239
7804,812
7805,998
7806,663
7807,541
7808,578
7809,127
7810,712
7811,325
7812,484
7813,90
7814,937
7815,529
7816,419
7817,439
7818,478
7819,281
7820,380
7821,546
7822,1
7823,36
7824,537
7825,10
7826,164
7827,307
7828,988
7829,32
7830,220
7831,228
7832,790
7833,228
7834,234
7835,104
7836,420
7837,951
7838,140
7839,482
7840,756
7841,686
7842,980
7843,974
7844,486
7845,537
7846,759
7847,746
7848,935
7849,978
7850,221
7851,467
7852,625
7853,971
7854,900
7855,580
7856,159
7857,842
7858,703
7859,181
7860,146
7861,400
7862,292
7863,810
7864,836
7865,460
7866,77
7867,269
7868,33
7869,322
7870,271
7871,202
7872,642
7873,681
7874,854
7875,967
7876,632
7877,719
7878,253
7879,660
7880,725
7881,179
7882,21
7883,891
7884,466
7885,822
7886,488
7887,98
7888,150
7889,653
7890,189
7891,147
7892,510
7893,689
7894,239
7895,157
7896,693
7897,550
7898,53
7899,353
7900,506
7901,740
7902,659
7903,837
7904,204
7905,880
7906,802
7907,212
7908,178
7909,881
7910,89
7911,357
7912,170
7913,644
7914,474
7915,96
7916,861
7917,78
7918,451
7919,456
7920,661
7921,379
7922,683
7923,185
7924,870
7925,682
7926,666
7927,238
7928,49
7929,946
7930,916
7931,996
7932,86
7933,715
7934,502
7935,427
7936,494
7937,417
7938,293
7939,851
7940,637
7941,552
7942,344
7943,693
7944,717
7945,404
7946,24
7947,159
7948,731
7949,500
7950,384
7951,864
7952,967
7953,222
7954,551
7955,74
7956,87
7957,636
7958,183
7959,133
7960,806
7961,295
7962,224
7963,33
7964,940
7965,890
7966,474
7967,503
7968,790
7969,955
7970,591
7971,314
7972,3
7973,406
7974,99
7975,107
7976,816
7977,427
7978,251
7979,181
7980,840
7981,914
7982,794
7983,737
7984,293
7985,77
7986,56
7987,57
7988,568
7989,790
7990,585
7991,517
7992,885
7993,488
7994,319
7995,549
7996,359
7997,125
7998,572
7999,305
8000,193
8001,454
8002,994
8003,18
8004,130
8005,312
8006,904
8007,309
8008,716
8009,846
8010,347
8011,996
8012,16
8013,44
8014,916
8015,389
8016,599
8017,970
8018,779
8019,97
8020,449
8021,360
8022,753
8023,602
8024,821
8025,925
8026,604
8027,179
8028,536
8029,1000
8030,708
8031,686
8032,267
8033,626
8034,152
8035,388
8036,44
8037,877
8038,388
8039,492
8040,359
8041,549
8042,693
8043,602
8044,537
8045,161
8046,989
8047,314
8048,153
8049,177
8050,279
8051,865
8052,175
8053,257
8054,326
8055,266
8056,74
8057,988
8058,639
8059,116
8060,159
8061,548
8062,426
8063,845
8064,414
8065,254
8066,331
8067,63
8068,20
8069,160
8070,43
8071,243
8072,214
8073,288
8074,488
8075,288
8076,501
8077,353
8078,586
8079,494
8080,713
8081,695
8082,41
8083,597
8084,296
8085,999
8086,859
8087,994
8088,852
8089,779
8090,470
8091,819
8092,957
8093,617
8094,331
8095,105
8096,970
8097,914
8098,13
8099,308
8100,912
8101,360
8102,221
8103,790
8104,751
8105,914
8106,455
8107,915
8108,603
8109,163
8110,940
8111,771
8112,434
8113,774
8114,259
8115,118
8116,729
8117,260
8118,26
8119,761
8120,337
8121,250
8122,95
8123,194
8124,5
8125,883
8126,978
8127,992
8128,955
8129,136
8130,910
8131,175
8132,533
8133,21
8134,185
8135,275
8136,462
8137,347
8138,949
8139,172
8140,701
8141,510
8142,5
8143,441
8144,593
8145,313
8146,799
8147,583
8148,604
8149,924
8150,467
8151,677
8152,708
8153,454
8154,499
8155,889
8156,48
8157,74
8158,526
8159,879
8160,974
8161,133
8162,80
8163,469
8164,804
8165,697
8166,448
8167,300
8168,677
8169,598
8170,882
8171,293
8172,963
8173,476
8174,305
8175,673
8176,423
8177,774
8178,1000
8179,386
8180,216
8181,303
8182,486
8183,593
8184,635
8185,626
8186,71
8187,953
8188,411
8189,531
8190,271
8191,216
8192,576
8193,250
8194,236
8195,17
8196,55
8197,559
8198,640
8199,858
8200,907
8201,492
8202,628
8203,144
8204,541
8205,107
8206,149
8207,211
8208,858
8209,890
8210,851
8211,476
8212,900
8213,174
8214,253
8215,13
8216,86
8217,890
8218,954
8219,518
8220,751
8221,595
8222,241
8223,746
8224,847
8225,951
8226,32
8227,258
8228,916
8229,175
8230,795
8231,251
8232,292
8233,393
8234,120
8235,511
8236,890
8237,830
8238,121
8239,735
8240,657
8241,691
8242,917
8243,638
8244,336
8245,746
8246,469
8247,68
8248,250
8249,390
8250,651
8251,669
8252,284
8253,994
8254,65
8255,801
8256,201
8257,177
8258,390
8259,990
8260,159
8261,874
8262,806
8263,347
8264,3
8265,610
8266,717
8267,50
8268,995
8269,60
8270,661
8271,432
8272,28
8273,28
8274,119
8275,423
8276,434
8277,825
8278,813
8279,367
8280,539
8281,31
8282,395
8283,241
8284,617
8285,445
8286,805
8287,871
8288,385
8289,26
8290,35
8291,762
8292,400
8293,161
8294,646
8295,455
8296,953
8297,593
8298,459
8299,629
8300,683
8301,76
8302,939
8303,313
8304,292
8305,583
8306,864
8307,214
8308,381
8309,307
8310,333
8311,468
8312,865
8313,232
8314,953
8315,627
8316,83
8317,621
8318,720
8319,243
8320,684
8321,432
8322,817
8323,473
8324,857
8325,831
8326,563
8327,517
8328,799
8329,124
8330,79
8331,888
8332,639
8333,177
8334,712
8335,159
8336,42
8337,483
8338,235
8339,629
8340,52
8341,243
8342,928
8343,761
8344,783
8345,207
8346,748
8347,645
8348,276
8349,628
8350,132
8351,881
8352,291
8353,599
8354,990
8355,657
8356,821
8357,535
8358,381
8359,108
8360,845
8361,245
8362,652
8363,48
8364,594
8365,35
8366,774
8367,125
8368,267
8369,364
8370,198
8371,556
8372,586
8373,0
8374,757
8375,490
8376,759
8377,80
8378,871
8379,378
8380,5
8381,153
8382,270
8383,940
8384,996
8385,552
8386,438
8387,370
8388,979
8389,455
8390,884
8391,534
8392,975
8393,262
8394,389
8395,589
8396,273
8397,290
8398,65
8399,396
8400,967
8401,86
8402,758
8403,705
8404,910
8405,9
8406,572
8407,829
8408,539
8409,463
8410,334
8411,845
8412,566
8413,1
8414,611
8415,660
8416,383
8417,453
8418,665
8419,608
8420,826
8421,420
8422,310
8423,303
8424,480
8425,15
8426,878
8427,646
8428,344
8429,607
8430,365
8431,666
8432,798
8433,76
8434,87
8435,643
8436,698
8437,291
8438,545
8439,651
8440,905
8441,59
8442,892
8443,770
8444,142
8445,302
8446,771
8447,226
8448,365
8449,464
8450,149
8451,828
8452,273
8453,977
8454,271
8455,54
8456,902
8457,599
8458,714
8459,563
8460,395
8461,850
8462,377
8463,648
8464,164
8465,852
8466,48
8467,685
8468,769
8469,490
8470,669
8471,34
8472,951
8473,545
8474,705
8475,837
8476,382
8477,685
8478,814
8479,608
8480,971
8481,939
8482,904
8483,958
8484,334
8485,273
8486,966
8487,779
8488,301
8489,342
8490,117
8491,807
8492,55
8493,742
8494,56
8495,439
8496,536
8497,284
8498,258
8499,963
8500,693
8501,540
8502,575
8503,783
8504,271
8505,819
8506,798
8507,522
8508,743
8509,916
8510,19
8511,971
8512,373
8513,314
8514,83
8515,537
8516,67
8517,545
8518,240
8519,655
8520,944
8521,207
8522,67
8523,440
8524,521
8525,759
8526,31
8527,206
8528,524
8529,356
8530,112
8531,705
8532,378
8533,952
8534,89
8535,923
8536,431
8537,915
8538,168
8539,122
8540,263
8541,42
8542,525
8543,564
8544,450
8545,332
8546,557
8547,156
8548,272
8549,920
8550,169
8551,391
8552,515
8553,364
8554,181
8555,502
8556,143
8557,563
8558,13
8559,980
8560,563
8561,939
8562,828
8563,124
8564,607
8565,517
8566,564
8567,847
8568,259
8569,818
8570,221
8571,900
8572,566
8573,376
8574,625
8575,652
8576,267
8577,24
8578,867
8579,979
8580,269
8581,511
8582,872
8583,125
8584,731
8585,310
8586,391
8587,658
8588,737
8589,779
8590,840
8591,684
8592,665
8593,970
8594,321
8595,357
8596,871
8597,208
8598,584
8599,440
8600,311
8601,170
8602,666
8603,78
8604,161
8605,928
8606,572
8607,54
8608,901
8609,522
8610,535
8611,13
8612,597
8613,910
8614,774
8615,235
8616,411
8617,598
8618,432
8619,294
8620,801
8621,80
8622,662
8623,927
8624,866
8625,19
8626,997
8627,490
8628,541
8629,846
8630,330
8631,74
8632,484
8633,20
8634,159
8635,187
8636,407
8637,390
8638,124
8639,402
8640,856
8641,516
8642,109
8643,337
8644,446
8645,260
8646,646
8647,298
8648,482
8649,352
8650,731
8651,390
8652,285
8653,574
8654,56
8655,785
8656,127
8657,912
8658,22
8659,162
8660,690
8661,825
8662,447
8663,996
8664,555
8665,127
8666,42
8667,753
8668,618
8669,431
8670,755
8671,739
8672,791
8673,849
8674,556
8675,451
8676,878
8677,509
8678,127
8679,769
8680,704
8681,881
8682,245
8683,278
8684,410
8685,127
8686,563
8687,705
8688,550
8689,312
8690,332
8691,377
8692,87
8693,647
8694,472
8695,858
8696,120
8697,862
8698,375
8699,378
8700,309
8701,587
8702,227
8703,175
8704,815
8705,283
8706,239
8707,889
8708,380
8709,452
8710,705
8711,945
8712,109
8713,645
8714,47
8715,478
8716,745
8717,32
8718,563
8719,387
8720,660
8721,284
8722,446
8723,468
8724,85
8725,924
8726,392
8727,260
8728,998
8729,615
8730,506
8731,81
8732,719
8733,632
8734,135
8735,347
8736,921
8737,142
8738,81
8739,165
8740,979
8741,240
8742,53
8743,150
8744,497
8745,983
8746,338
8747,598
8748,915
8749,12
8750,283
8751,610
8752,687
8753,583
8754,513
8755,841
8756,183
8757,125
8758,844
8759,194
8760,50
8761,460
8762,132
8763,351
8764,469
8765,552
8766,184
8767,676
8768,167
8769,61
8770,111
8771,331
8772,167
8773,947
8774,7
8775,403
8776,112
8777,66
8778,740
8779,964
8780,955
8781,416
8782,253
8783,735
8784,55
8785,839
8786,257
8787,545
8788,497
8789,855
8790,824
8791,52
8792,37
8793,31
8794,788
8795,682
8796,342
8797,299
8798,216
8799,103
8800,779
8801,296
8802,921
8803,632
8804,148
8805,503
8806,78
8807,971
8808,396
8809,517
8810,616
8811,706
8812,641
8813,863
8814,829
8815,170
8816,439
8817,400
8818,920
8819,705
8820,512
8821,486
8822,377
8823,71
8824,834
8825,668
8826,103
8827,1
8828,945
8829,535
8830,396
8831,699
8832,801
8833,844
8834,93
8835,9
8836,875
8837,838
8838,437
8839,395
8840,722
8841,387
8842,803
8843,271
8844,720
8845,731
8846,892
8847,971
8848,185
8849,834
8850,510
8851,500
8852,922
8853,601
8854,212
8855,5
8856,392
8857,704
8858,920
8859,108
8860,336
8861,873
8862,270
8863,967
8864,83
8865,354
8866,529
8867,641
8868,836
8869,586
8870,607
8871,531
8872,948
8873,579
8874,898
8875,194
8876,326
8877,109
8878,475
8879,904
8880,1
8881,511
8882,971
8883,57
8884,229
8885,930
8886,65
8887,446
8888,755
8889,124
8890,408
8891,784
8892,5
8893,737
8894,847
8895,475
8896,125
8897,780
8898,446
8899,542
8900,305
8901,946
8902,382
8903,749
8904,18
8905,918
8906,935
8907,433
8908,924
8909,98
8910,738
8911,121
8912,509
8913,566
8914,322
8915,497
8916,782
8917,387
8918,692
8919,729
8920,877
8921,510
8922,303
8923,835
8924,853
8925,644
8926,878
8927,903
8928,869
8929,786
8930,750
8931,837
8932,617
8933,550
8934,595
8935,670
8936,841
8937,204
8938,333
8939,770
8940,606
8941,903
8942,534
8943,775
8944,445
8945,979
8946,288
8947,164
8948,264
8949,617
8950,439
8951,174
8952,205
8953,913
8954,190
8955,839
8956,488
8957,871
8958,555
8959,980
8960,645
8961,791
8962,555
8963,694
8964,652
8965,104
8966,960
8967,541
8968,646
8969,222
8970,276
8971,289
8972,80
8973,682
8974,267
8975,301
8976,468
8977,584
8978,862
8979,533
8980,397
8981,860
8982,182
8983,653
8984,514
8985,83
8986,398
8987,346
8988,266
8989,23
8990,305
8991,282
8992,926
8993,247
8994,498
8995,126
8996,231
8997,814
8998,897
8999,483
9000,986
9001,516
9002,938
9003,213
9004,196
9005,428
9006,295
9007,382
9008,6
9009,151
9010,489
9011,289
9012,31
9013,84
9014,239
9015,580
9016,670
9017,693
9018,52
9019,728
9020,895
9021,704
9022,583
9023,178
9024,368
9025,643
9026,593
9027,279
9028,846
9029,45
9030,967
9031,486
9032,429
9033,530
9034,924
9035,836
9036,183
9037,316
9038,843
9039,930
9040,970
9041,212
9042,443
9043,214
9044,724
9045,123
9046,369
9047,555
9048,203
9049,293
9050,235
9051,152
9052,392
9053,900
9054,580
9055,455
9056,607
9057,438
9058,396
9059,703
9060,609
9061,34
9062,115
9063,877
9064,369
9065,549
9066,339
9067,460
9068,263
9069,610
9070,559
9071,182
9072,272
9073,114
9074,424
9075,177
9076,32
9077,461
9078,976
9079,629
9080,861
9081,925
9082,84
9083,469
9084,829
9085,412
9086,84
9087,404
9088,556
9089,128
9090,846
9091,946
9092,353
9093,314
9094,83
9095,361
9096,380
9097,923
9098,271
9099,188
9100,175
9101,325
9102,610
9103,105
9104,909
9105,932
9106,184
9107,795
9108,456
9109,245
9110,909
9111,877
9112,22
9113,2
9114,369
9115,577
9116,734
9117,6
9118,578
9119,673
9120,347
9121,177
9122,358
9123,794
9124,271
9125,280
9126,895
9127,237
9128,69
9129,903
9130,877
9131,890
9132,43
9133,921
9134,482
9135,641
9136,814
9137,886
9138,905
9139,885
9140,940
9141,74
9142,472
9143,933
9144,404
9145,53
9146,704
9147,972
9148,706
9149,127
9150,943
9151,426
9152,98
9153,900
9154,408
9155,263
9156,760
9157,237
9158,355
9159,520
9160,500
9161,13
9162,947
9163,558
9164,142
9165,699
9166,470
9167,832
9168,461
9169,247
9170,453
9171,208
9172,106
9173,77
9174,499
9175,17
9176,212
9177,443
9178,565
9179,997
9180,111
9181,227
9182,834
9183,544
9184,857
9185,369
9186,182
9187,957
9188,128
9189,979
9190,96
9191,892
9192,748
9193,461
9194,635
9195,122
9196,3
9197,972
9198,41
9199,91
9200,524
9201,408
9202,991
9203,35
9204,961
9205,325
9206,64
9207,969
9208,903
9209,413
9210,467
9211,922
9212,509
9213,455
9214,155
9215,21
9216,673
9217,294
9218,385
9219,754
9220,237
9221,876
9222,21
9223,706
9224,29
9225,856
9226,316
9227,378
9228,922
9229,897
9230,767
9231,871
9232,338
9233,349
9234,701
9235,540
9236,887
9237,617
9238,941
9239,282
9240,10
9241,495
9242,214
9243,609
9244,219
9245,463
9246,272
9247,258
9248,496
9249,297
9250,599
9251,800
9252,995
9253,752
9254,260
9255,947
9256,462
9257,388
9258,966
9259,732
9260,681
9261,473
9262,232
9263,399
9264,146
9265,313
9266,858
9267,951
9268,120
9269,988
9270,277
9271,315
9272,871
9273,296
9274,40
9275,694
9276,78
9277,894
9278,786
9279,725
9280,773
9281,886
9282,905
9283,28
9284,840
9285,474
9286,227
9287,354
9288,845
9289,835
9290,347
9291,598
9292,440
9293,672
9294,643
9295,622
9296,749
9297,78
9298,657
9299,3
9300,1000
9301,505
9302,81
9303,679
9304,664
9305,315
9306,909
9307,650
9308,920
9309,566
9310,767
9311,68
9312,599
9313,774
9314,409
9315,142
9316,200
9317,374
9318,399
9319,951
9320,834
9321,392
9322,47
9323,505
9324,738
9325,252
9326,290
9327,380
9328,317
9329,55
9330,9
9331,56
9332,385
9333,859
9334,838
9335,671
9336,174
9337,914
9338,476
9339,366
9340,717
9341,532
9342,425
9343,800
9344,530
9345,49
9346,778
9347,166
9348,583
9349,927
9350,563
9351,916
9352,650
9353,334
9354,924
9355,290
9356,205
9357,730
9358,784
9359,763
9360,338
9361,81
9362,566
9363,587
9364,635
9365,675
9366,33
9367,107
9368,924
9369,689
9370,955
9371,780
9372,983
9373,789
9374,64
9375,109
9376,980
9377,989
9378,703
9379,783
9380,36
9381,274
9382,964
9383,579
9384,532
9385,430
9386,502
9387,104
9388,407
9389,531
9390,746
9391,907
9392,983
9393,653
9394,44
9395,209
9396,207
9397,650
9398,947
9399,245
9400,774
9401,631
9402,701
9403,282
9404,580
9405,302
9406,376
9407,63
9408,90
9409,588
9410,718
9411,76
9412,106
9413,884
9414,491
9415,552
9416,149
9417,238
9418,830
9419,402
9420,446
9421,142
9422,351
9423,49
9424,997
9425,29
9426,662
9427,122
9428,833
9429,924
9430,776
9431,543
9432,642
9433,610
9434,24
9435,993
9436,42
9437,530
9438,456
9439,808
9440,226
9441,675
9442,267
9443,281
9444,72
9445,282
9446,716
9447,838
9448,102
9449,620
9450,347
9451,235
9452,89
9453,748
9454,655
9455,674
9456,610
9457,453
9458,79
9459,661
9460,966
9461,739
9462,61
9463,463
9464,486
9465,163
9466,304
9467,771
9468,926
9469,443
9470,202
9471,688
9472,427
9473,685
9474,940
9475,865
9476,254
9477,986
9478,40
9479,607
9480,651
9481,86
9482,7
9483,869
9484,145
9485,349
9486,138
9487,735
9488,951
9489,163
9490,622
9491,78
9492,235
9493,717
9494,924
9495,210
9496,336
9497,351
9498,847
9499,847
9500,693
9501,841
9502,705
9503,782
9504,313
9505,253
9506,568
9507,454
9508,705
9509,173
9510,49
9511,180
9512,181
9513,157
9514,261
9515,301
9516,782
9517,492
9518,361
9519,504
9520,621
9521,765
9522,975
9523,378
9524,804
9525,375
9526,871
9527,838
9528,422
9529,677
9530,920
9531,898
9532,670
9533,462
9534,872
9535,928
9536,162
9537,646
9538,559
9539,425
9540,463
9541,673
9542,267
9543,138
9544,849
9545,789
9546,987
9547,664
9548,713
9549,397
9550,453
9551,539
9552,504
9553,35
9554,348
9555,976
9556,469
9557,765
9558,427
9559,188
9560,470
9561,960
9562,348
9563,663
9564,173
9565,636
9566,485
9567,924
9568,903
9569,642
9570,267
9571,415
9572,607
9573,228
9574,446
9575,877
9576,480
9577,787
9578,83
9579,815
9580,959
9581,652
9582,166
9583,3
9584,606
9585,600
9586,672
9587,400
9588,169
9589,721
9590,792
9591,192
9592,152
9593,885
9594,320
9595,79
9596,987
9597,602
9598,835
9599,403
9600,605
9601,185
9602,874
9603,536
9604,380
9605,902
9606,804
9607,743
9608,154
9609,666
9610,525
9611,146
9612,610
9613,807
9614,964
9615,736
9616,816
9617,203
9618,393
9619,642
9620,236
9621,20
9622,125
9623,903
9624,463
9625,437
9626,946
9627,520
9628,731
9629,159
9630,803
9631,3
9632,246
9633,560
9634,657
9635,454
9636,270
9637,285
9638,502
9639,275
9640,493
9641,8
9642,187
9643,345
9644,537
9645,184
9646,86
9647,5
9648,845
9649,999
9650,52
9651,737
9652,356
9653,118
9654,653
9655,400
9656,564
9657,233
9658,250
9659,228
9660,920
9661,317
9662,742
9663,116
9664,646
9665,475
9666,615
9667,251
9668,130
9669,576
9670,834
9671,73
9672,392
9673,922
9674,106
9675,352
9676,912
9677,814
9678,153
9679,997
9680,479
9681,505
9682,516
9683,196
9684,391
9685,849
9686,867
9687,703
9688,862
9689,353
9690,52
9691,25
9692,901
9693,354
9694,485
9695,332
9696,337
9697,829
9698,571
9699,16
9700,631
9701,971
9702,521
9703,304
9704,321
9705,947
9706,708
9707,772
9708,227
9709,68
9710,272
9711,85
9712,303
9713,722
9714,462
9715,620
9716,237
9717,20
9718,49
9719,565
9720,444
9721,915
9722,541
9723,43
9724,166
9725,809
9726,787
9727,847
9728,706
9729,693
9730,729
9731,871
9732,428
9733,676
9734,627
9735,468
9736,656
9737,240
9738,503
9739,789
9740,139
9741,847
9742,381
9743,564
9744,9
9745,878
9746,866
9747,553
9748,394
9749,254
9750,645
9751,444
9752,834
9753,185
9754,83
9755,177
9756,482
9757,909
9758,525
9759,456
9760,28
9761,727
9762,533
9763,238
9764,757
9765,275
9766,600
9767,968
9768,227
9769,226
9770,412
9771,206
9772,866
9773,524
9774,501
9775,559
9776,255
9777,841
9778,701
9779,404
9780,438
9781,709
9782,871
9783,531
9784,183
9785,936
9786,110
9787,819
9788,913
9789,357
9790,150
9791,867
9792,408
9793,307
9794,16
9795,461
9796,451
9797,107
9798,43
9799,860
9800,566
9801,207
9802,975
9803,925
9804,473
9805,120
9806,447
9807,800
9808,17
9809,288
9810,894
9811,128
9812,527
9813,626
9814,263
9815,482
9816,89
9817,730
9818,130
9819,823
9820,179
9821,322
9822,615
9823,509
9824,882
9825,639
9826,904
9827,447
9828,248
9829,528
9830,761
9831,50
9832,471
9833,598
9834,82
9835,537
9836,667
9837,765
9838,486
9839,784
9840,301
9841,643
9842,454
9843,910
9844,354
9845,538
9846,189
9847,650
9848,180
9849,662
9850,853
9851,658
9852,958
9853,674
9854,390
9855,736
9856,54
9857,37
9858,157
9859,765
9860,731
9861,897
9862,436
9863,163
9864,637
9865,888
9866,985
9867,846
9868,384
9869,772
9870,520
9871,12
9872,125
9873,561
9874,955
9875,341
9876,459
9877,656
9878,536
9879,690
9880,980
9881,337
9882,39
9883,120
9884,693
9885,754
9886,480
9887,25
9888,648
9889,951
9890,747
9891,349
9892,813
9893,897
9894,991
9895,675
9896,712
9897,543
9898,583
9899,404
9900,805
9901,228
9902,823
9903,693
9904,341
9905,439
9906,453
9907,567
9908,793
9909,896
9910,142
9911,913
9912,999
9913,208
9914,55
9915,386
9916,300
9917,507
9918,598
9919,942
9920,443
9921,9
9922,865
9923,408
9924,275
9925,522
9926,1
9927,891
9928,802
9929,513
9930,709
9931,776
9932,152
9933,69
9934,750
9935,75
9936,650
9937,318
9938,526
9939,744
9940,435
9941,300
9942,969
9943,510
9944,417
9945,499
9946,180
9947,873
9948,826
9949,774
9950,455
9951,316
9952,426
9953,458
9954,669
9955,157
9956,241
9957,849
9958,39
9959,497
9960,990
9961,222
9962,764
9963,765
9964,888
9965,884
9966,973
9967,689
9968,868
9969,114
9970,35
9971,888
9972,654
9973,679
9974,881
9975,784
9976,269
9977,687
9978,425
9979,178
9980,896
9981,495
9982,331
9983,60
9984,4
9985,258
9986,20
9987,838
9988,627
9989,625
9990,426
9991,634
9992,732
9993,246
9994,165
9995,774
9996,105
9997,689
9998,608
9999,236
