Inserci√≥n,NumElementos
0,0
1,0
2,0
3,0
4,0
5,0
6,0
7,0
8,0
9,0
10,0
11,0
12,0
13,0
14,0
15,0
16,0
17,0
18,0
19,0
20,0
21,0
22,0
23,0
24,0
25,0
26,0
27,0
28,0
29,0
30,0
31,0
32,0
33,1
34,0
35,0
36,0
37,0
38,0
39,0
40,0
41,0
42,0
43,0
44,0
45,0
46,0
47,0
48,0
49,0
50,0
51,0
52,0
53,0
54,0
55,0
56,0
57,0
58,0
59,0
60,0
61,0
62,0
63,0
64,0
65,0
66,0
67,0
68,0
69,0
70,0
71,0
72,0
73,0
74,0
75,0
76,0
77,0
78,0
79,0
80,0
81,0
82,0
83,0
84,0
85,0
86,0
87,0
88,0
89,0
90,0
91,0
92,0
93,0
94,0
95,0
96,0
97,0
98,0
99,0
100,0
101,0
102,0
103,0
104,0
105,0
106,0
107,0
108,0
109,0
110,0
111,0
112,0
113,0
114,0
115,0
116,0
117,0
118,0
119,0
120,0
121,0
122,0
123,0
124,0
125,0
126,0
127,0
128,0
129,0
130,0
131,0
132,0
133,0
134,0
135,0
136,0
137,0
138,0
139,0
140,0
141,0
142,0
143,0
144,0
145,1
146,0
147,0
148,0
149,0
150,0
151,0
152,0
153,0
154,0
155,0
156,0
157,0
158,0
159,0
160,0
161,0
162,0
163,0
164,0
165,0
166,0
167,0
168,0
169,0
170,0
171,0
172,0
173,0
174,0
175,0
176,0
177,0
178,0
179,0
180,0
181,0
182,0
183,0
184,0
185,0
186,0
187,0
188,1
189,0
190,0
191,0
192,0
193,0
194,0
195,0
196,0
197,0
198,0
199,0
200,0
201,0
202,0
203,0
204,0
205,0
206,0
207,0
208,0
209,0
210,0
211,0
212,0
213,0
214,0
215,0
216,0
217,0
218,0
219,0
220,0
221,0
222,0
223,0
224,0
225,0
226,0
227,0
228,0
229,0
230,0
231,0
232,0
233,0
234,0
235,0
236,0
237,0
238,0
239,0
240,0
241,0
242,0
243,0
244,0
245,0
246,0
247,0
248,0
249,0
250,0
251,0
252,0
253,0
254,0
255,0
256,0
257,0
258,0
259,0
260,0
261,0
262,0
263,0
264,0
265,0
266,0
267,0
268,0
269,0
270,0
271,0
272,0
273,0
274,0
275,0
276,0
277,0
278,0
279,0
280,0
281,0
282,0
283,0
284,0
285,0
286,0
287,0
288,0
289,0
290,0
291,0
292,0
293,0
294,0
295,0
296,0
297,0
298,0
299,0
300,0
301,0
302,0
303,0
304,0
305,0
306,0
307,0
308,0
309,0
310,0
311,0
312,0
313,0
314,0
315,0
316,0
317,0
318,0
319,0
320,0
321,0
322,0
323,0
324,0
325,0
326,1
327,0
328,0
329,0
330,0
331,0
332,0
333,0
334,0
335,0
336,0
337,0
338,0
339,0
340,0
341,0
342,0
343,0
344,0
345,0
346,0
347,0
348,0
349,0
350,0
351,0
352,0
353,0
354,0
355,0
356,0
357,0
358,0
359,0
360,0
361,0
362,1
363,0
364,0
365,0
366,0
367,0
368,0
369,0
370,0
371,0
372,0
373,0
374,0
375,0
376,0
377,0
378,1
379,0
380,0
381,0
382,0
383,1
384,0
385,0
386,0
387,0
388,0
389,0
390,0
391,0
392,0
393,0
394,0
395,0
396,1
397,0
398,0
399,0
400,0
401,0
402,0
403,0
404,0
405,0
406,0
407,0
408,0
409,0
410,0
411,0
412,1
413,1
414,0
415,0
416,0
417,0
418,0
419,0
420,0
421,0
422,2
423,0
424,0
425,0
426,1
427,0
428,1
429,0
430,0
431,1
432,0
433,1
434,0
435,0
436,0
437,0
438,0
439,0
440,0
441,0
442,0
443,0
444,0
445,0
446,0
447,0
448,0
449,0
450,0
451,0
452,0
453,0
454,0
455,0
456,0
457,0
458,0
459,0
460,0
461,0
462,0
463,0
464,0
465,0
466,0
467,0
468,0
469,0
470,0
471,0
472,0
473,0
474,1
475,0
476,0
477,0
478,0
479,0
480,0
481,0
482,0
483,0
484,0
485,0
486,0
487,0
488,0
489,0
490,0
491,0
492,0
493,1
494,0
495,0
496,0
497,0
498,0
499,0
500,0
501,0
502,0
503,0
504,0
505,0
506,0
507,0
508,0
509,0
510,0
511,0
512,0
513,0
514,0
515,0
516,0
517,0
518,0
519,0
520,0
521,0
522,0
523,0
524,0
525,1
526,0
527,0
528,0
529,0
530,0
531,0
532,0
533,0
534,0
535,0
536,0
537,0
538,0
539,0
540,0
541,0
542,0
543,0
544,0
545,0
546,0
547,0
548,0
549,0
550,0
551,0
552,0
553,0
554,0
555,0
556,0
557,0
558,0
559,0
560,1
561,0
562,1
563,0
564,0
565,1
566,0
567,0
568,1
569,0
570,0
571,0
572,0
573,0
574,0
575,0
576,0
577,0
578,0
579,0
580,0
581,0
582,0
583,0
584,0
585,0
586,0
587,0
588,0
589,0
590,0
591,0
592,0
593,0
594,0
595,0
596,1
597,0
598,0
599,0
600,0
601,0
602,0
603,0
604,0
605,0
606,0
607,0
608,0
609,0
610,0
611,0
612,0
613,0
614,0
615,0
616,0
617,0
618,0
619,0
620,0
621,0
622,0
623,1
624,0
625,0
626,0
627,0
628,0
629,0
630,0
631,0
632,0
633,0
634,0
635,0
636,0
637,0
638,0
639,0
640,0
641,0
642,0
643,0
644,0
645,0
646,0
647,0
648,0
649,0
650,0
651,0
652,0
653,1
654,0
655,0
656,0
657,0
658,0
659,0
660,0
661,0
662,0
663,0
664,1
665,0
666,0
667,0
668,0
669,1
670,0
671,0
672,0
673,0
674,0
675,0
676,0
677,0
678,0
679,0
680,0
681,0
682,0
683,0
684,0
685,0
686,1
687,0
688,0
689,0
690,0
691,0
692,0
693,0
694,0
695,0
696,0
697,1
698,0
699,0
700,0
701,0
702,0
703,0
704,0
705,0
706,0
707,0
708,0
709,0
710,0
711,1
712,0
713,0
714,0
715,0
716,0
717,0
718,0
719,0
720,0
721,0
722,0
723,0
724,0
725,0
726,0
727,0
728,0
729,0
730,0
731,0
732,0
733,0
734,0
735,0
736,0
737,0
738,0
739,0
740,0
741,0
742,0
743,0
744,0
745,0
746,0
747,0
748,0
749,0
750,0
751,0
752,0
753,0
754,0
755,0
756,0
757,0
758,0
759,0
760,0
761,0
762,0
763,0
764,0
765,0
766,0
767,0
768,0
769,0
770,0
771,0
772,0
773,0
774,0
775,0
776,0
777,0
778,0
779,0
780,0
781,0
782,0
783,0
784,0
785,0
786,0
787,0
788,0
789,0
790,0
791,0
792,0
793,0
794,0
795,0
796,0
797,0
798,0
799,0
800,0
801,0
802,0
803,0
804,0
805,0
806,1
807,0
808,1
809,0
810,1
811,0
812,0
813,0
814,0
815,0
816,1
817,0
818,0
819,0
820,0
821,0
822,0
823,0
824,0
825,0
826,0
827,0
828,0
829,0
830,0
831,0
832,0
833,0
834,0
835,0
836,0
837,0
838,0
839,0
840,1
841,0
842,0
843,0
844,0
845,0
846,0
847,0
848,0
849,0
850,0
851,0
852,0
853,0
854,0
855,0
856,1
857,0
858,0
859,0
860,0
861,0
862,0
863,0
864,1
865,0
866,0
867,0
868,0
869,0
870,0
871,0
872,0
873,0
874,0
875,0
876,0
877,0
878,0
879,0
880,0
881,1
882,1
883,0
884,0
885,1
886,0
887,0
888,1
889,0
890,0
891,0
892,0
893,0
894,0
895,0
896,0
897,0
898,0
899,0
900,1
901,0
902,0
903,0
904,0
905,0
906,0
907,0
908,0
909,0
910,0
911,0
912,0
913,0
914,0
915,0
916,0
917,0
918,0
919,0
920,0
921,0
922,1
923,0
924,0
925,0
926,1
927,0
928,0
929,0
930,0
931,0
932,0
933,0
934,0
935,1
936,0
937,0
938,1
939,0
940,0
941,0
942,0
943,0
944,0
945,0
946,0
947,1
948,0
949,0
950,0
951,0
952,0
953,0
954,0
955,0
956,0
957,0
958,1
959,0
960,0
961,0
962,0
963,0
964,0
965,1
966,1
967,0
968,0
969,0
970,0
971,0
972,0
973,0
974,0
975,0
976,0
977,0
978,0
979,1
980,0
981,0
982,0
983,0
984,0
985,0
986,1
987,0
988,0
989,1
990,0
991,0
992,0
993,0
994,0
995,0
996,1
997,0
998,0
999,0
1000,0
1001,0
1002,1
1003,0
1004,1
1005,0
1006,0
1007,0
1008,0
1009,0
1010,1
1011,0
1012,0
1013,0
1014,0
1015,1
1016,0
1017,0
1018,1
1019,0
1020,0
1021,0
1022,0
1023,0
1024,0
1025,0
1026,1
1027,0
1028,0
1029,0
1030,0
1031,0
1032,0
1033,0
1034,0
1035,0
1036,0
1037,0
1038,0
1039,0
1040,0
1041,0
1042,0
1043,0
1044,0
1045,0
1046,0
1047,0
1048,0
1049,0
1050,0
1051,0
1052,0
1053,2
1054,1
1055,0
1056,0
1057,1
1058,0
1059,0
1060,0
1061,0
1062,0
1063,0
1064,0
1065,0
1066,1
1067,0
1068,0
1069,0
1070,0
1071,0
1072,0
1073,0
1074,0
1075,0
1076,0
1077,0
1078,0
1079,0
1080,0
1081,0
1082,0
1083,0
1084,0
1085,0
1086,0
1087,0
1088,0
1089,0
1090,1
1091,0
1092,0
1093,0
1094,1
1095,0
1096,0
1097,0
1098,0
1099,0
1100,0
1101,0
1102,0
1103,0
1104,0
1105,0
1106,1
1107,0
1108,0
1109,0
1110,0
1111,0
1112,0
1113,0
1114,0
1115,0
1116,0
1117,1
1118,0
1119,0
1120,0
1121,0
1122,0
1123,0
1124,2
1125,0
1126,0
1127,2
1128,0
1129,0
1130,1
1131,0
1132,0
1133,1
1134,0
1135,0
1136,0
1137,0
1138,0
1139,0
1140,0
1141,0
1142,0
1143,0
1144,0
1145,1
1146,0
1147,1
1148,0
1149,0
1150,0
1151,0
1152,0
1153,0
1154,0
1155,0
1156,0
1157,0
1158,0
1159,0
1160,0
1161,0
1162,1
1163,1
1164,0
1165,0
1166,0
1167,0
1168,0
1169,0
1170,0
1171,0
1172,0
1173,0
1174,0
1175,0
1176,0
1177,0
1178,0
1179,0
1180,0
1181,0
1182,0
1183,0
1184,0
1185,0
1186,1
1187,0
1188,0
1189,0
1190,0
1191,0
1192,0
1193,1
1194,0
1195,0
1196,0
1197,0
1198,0
1199,0
1200,0
1201,0
1202,0
1203,0
1204,0
1205,0
1206,1
1207,0
1208,1
1209,0
1210,0
1211,0
1212,0
1213,0
1214,1
1215,0
1216,0
1217,0
1218,0
1219,0
1220,0
1221,0
1222,0
1223,0
1224,0
1225,0
1226,0
1227,0
1228,0
1229,0
1230,0
1231,2
1232,0
1233,0
1234,0
1235,0
1236,0
1237,0
1238,0
1239,0
1240,0
1241,1
1242,0
1243,0
1244,0
1245,1
1246,0
1247,1
1248,0
1249,0
1250,1
1251,0
1252,0
1253,0
1254,0
1255,0
1256,0
1257,0
1258,0
1259,0
1260,0
1261,0
1262,0
1263,0
1264,0
1265,0
1266,0
1267,0
1268,0
1269,0
1270,0
1271,0
1272,0
1273,0
1274,0
1275,0
1276,0
1277,0
1278,0
1279,1
1280,0
1281,0
1282,0
1283,0
1284,0
1285,0
1286,0
1287,0
1288,0
1289,0
1290,1
1291,0
1292,0
1293,0
1294,0
1295,0
1296,1
1297,0
1298,1
1299,0
1300,0
1301,0
1302,0
1303,1
1304,0
1305,0
1306,0
1307,0
1308,0
1309,0
1310,0
1311,0
1312,0
1313,0
1314,0
1315,1
1316,0
1317,0
1318,1
1319,0
1320,0
1321,0
1322,1
1323,0
1324,0
1325,0
1326,0
1327,0
1328,0
1329,0
1330,2
1331,0
1332,0
1333,0
1334,0
1335,0
1336,0
1337,0
1338,0
1339,0
1340,0
1341,0
1342,0
1343,0
1344,1
1345,0
1346,0
1347,0
1348,0
1349,1
1350,0
1351,0
1352,0
1353,0
1354,0
1355,0
1356,1
1357,0
1358,1
1359,0
1360,0
1361,0
1362,0
1363,0
1364,0
1365,0
1366,0
1367,0
1368,0
1369,1
1370,0
1371,1
1372,0
1373,0
1374,1
1375,0
1376,0
1377,0
1378,0
1379,0
1380,0
1381,0
1382,0
1383,1
1384,0
1385,0
1386,0
1387,0
1388,0
1389,0
1390,0
1391,0
1392,0
1393,0
1394,0
1395,0
1396,0
1397,0
1398,0
1399,2
1400,0
1401,0
1402,0
1403,0
1404,0
1405,0
1406,0
1407,0
1408,0
1409,0
1410,1
1411,0
1412,0
1413,0
1414,0
1415,0
1416,0
1417,0
1418,0
1419,0
1420,0
1421,0
1422,0
1423,0
1424,0
1425,0
1426,0
1427,0
1428,0
1429,1
1430,1
1431,0
1432,0
1433,1
1434,0
1435,0
1436,0
1437,0
1438,2
1439,0
1440,0
1441,0
1442,1
1443,0
1444,0
1445,0
1446,0
1447,0
1448,0
1449,0
1450,0
1451,1
1452,0
1453,0
1454,0
1455,1
1456,0
1457,0
1458,1
1459,0
1460,0
1461,0
1462,0
1463,0
1464,0
1465,0
1466,1
1467,0
1468,0
1469,0
1470,0
1471,0
1472,0
1473,0
1474,1
1475,0
1476,0
1477,0
1478,1
1479,0
1480,0
1481,0
1482,0
1483,0
1484,1
1485,0
1486,0
1487,0
1488,0
1489,0
1490,0
1491,0
1492,0
1493,0
1494,0
1495,0
1496,1
1497,0
1498,0
1499,0
1500,0
1501,0
1502,0
1503,0
1504,0
1505,0
1506,1
1507,0
1508,0
1509,0
1510,0
1511,0
1512,0
1513,0
1514,0
1515,0
1516,0
1517,0
1518,0
1519,0
1520,0
1521,0
1522,0
1523,0
1524,0
1525,0
1526,0
1527,0
1528,0
1529,0
1530,1
1531,0
1532,0
1533,0
1534,0
1535,0
1536,0
1537,0
1538,0
1539,0
1540,1
1541,0
1542,0
1543,0
1544,0
1545,0
1546,0
1547,2
1548,0
1549,0
1550,0
1551,0
1552,0
1553,0
1554,0
1555,0
1556,0
1557,0
1558,1
1559,0
1560,0
1561,0
1562,0
1563,0
1564,1
1565,0
1566,0
1567,2
1568,0
1569,1
1570,0
1571,0
1572,1
1573,0
1574,0
1575,0
1576,0
1577,0
1578,0
1579,0
1580,0
1581,0
1582,0
1583,0
1584,0
1585,0
1586,0
1587,0
1588,0
1589,0
1590,0
1591,0
1592,0
1593,0
1594,0
1595,0
1596,0
1597,1
1598,0
1599,1
1600,0
1601,0
1602,0
1603,0
1604,0
1605,1
1606,0
1607,0
1608,0
1609,0
1610,0
1611,0
1612,0
1613,0
1614,0
1615,0
1616,0
1617,0
1618,0
1619,0
1620,0
1621,0
1622,0
1623,0
1624,0
1625,0
1626,1
1627,0
1628,0
1629,0
1630,0
1631,0
1632,0
1633,0
1634,1
1635,0
1636,0
1637,0
1638,0
1639,0
1640,0
1641,0
1642,0
1643,0
1644,0
1645,0
1646,0
1647,0
1648,0
1649,0
1650,1
1651,0
1652,0
1653,0
1654,0
1655,0
1656,0
1657,0
1658,0
1659,0
1660,0
1661,0
1662,0
1663,0
1664,1
1665,0
1666,0
1667,0
1668,0
1669,0
1670,0
1671,0
1672,0
1673,0
1674,0
1675,0
1676,0
1677,0
1678,0
1679,0
1680,1
1681,0
1682,0
1683,1
1684,0
1685,0
1686,0
1687,0
1688,0
1689,0
1690,0
1691,0
1692,0
1693,0
1694,0
1695,0
1696,0
1697,1
1698,1
1699,0
1700,0
1701,0
1702,0
1703,0
1704,0
1705,0
1706,0
1707,0
1708,0
1709,1
1710,1
1711,1
1712,0
1713,0
1714,0
1715,0
1716,0
1717,0
1718,0
1719,0
1720,0
1721,0
1722,0
1723,0
1724,0
1725,0
1726,0
1727,1
1728,0
1729,0
1730,0
1731,0
1732,0
1733,0
1734,1
1735,0
1736,0
1737,0
1738,0
1739,0
1740,1
1741,0
1742,0
1743,0
1744,0
1745,1
1746,0
1747,0
1748,0
1749,0
1750,0
1751,0
1752,0
1753,0
1754,0
1755,0
1756,0
1757,1
1758,0
1759,1
1760,0
1761,1
1762,0
1763,0
1764,0
1765,0
1766,0
1767,0
1768,0
1769,0
1770,0
1771,0
1772,0
1773,1
1774,0
1775,0
1776,0
1777,0
1778,0
1779,0
1780,0
1781,0
1782,0
1783,0
1784,0
1785,1
1786,0
1787,0
1788,0
1789,0
1790,0
1791,0
1792,0
1793,0
1794,0
1795,0
1796,0
1797,0
1798,0
1799,0
1800,0
1801,0
1802,1
1803,0
1804,0
1805,1
1806,0
1807,0
1808,0
1809,0
1810,0
1811,0
1812,1
1813,0
1814,1
1815,0
1816,1
1817,1
1818,0
1819,0
1820,0
1821,0
1822,1
1823,0
1824,0
1825,0
1826,0
1827,0
1828,0
1829,0
1830,2
1831,0
1832,1
1833,1
1834,0
1835,0
1836,0
1837,0
1838,0
1839,0
1840,0
1841,0
1842,0
1843,0
1844,0
1845,0
1846,0
1847,0
1848,0
1849,0
1850,0
1851,0
1852,0
1853,0
1854,0
1855,0
1856,0
1857,0
1858,0
1859,0
1860,0
1861,0
1862,0
1863,0
1864,0
1865,1
1866,0
1867,0
1868,0
1869,0
1870,0
1871,1
1872,1
1873,0
1874,0
1875,0
1876,0
1877,0
1878,1
1879,0
1880,0
1881,0
1882,0
1883,0
1884,0
1885,0
1886,0
1887,2
1888,0
1889,0
1890,0
1891,0
1892,0
1893,0
1894,0
1895,1
1896,0
1897,1
1898,0
1899,0
1900,0
1901,0
1902,0
1903,0
1904,0
1905,0
1906,2
1907,0
1908,0
1909,0
1910,0
1911,0
1912,0
1913,0
1914,0
1915,2
1916,0
1917,0
1918,0
1919,0
1920,0
1921,1
1922,1
1923,0
1924,1
1925,0
1926,0
1927,0
1928,0
1929,0
1930,1
1931,2
1932,0
1933,1
1934,0
1935,0
1936,0
1937,0
1938,0
1939,0
1940,0
1941,0
1942,0
1943,1
1944,1
1945,0
1946,0
1947,0
1948,0
1949,0
1950,0
1951,0
1952,0
1953,1
1954,0
1955,0
1956,0
1957,0
1958,0
1959,0
1960,0
1961,0
1962,0
1963,0
1964,1
1965,0
1966,1
1967,0
1968,1
1969,0
1970,0
1971,1
1972,0
1973,1
1974,0
1975,1
1976,0
1977,0
1978,0
1979,0
1980,0
1981,0
1982,0
1983,0
1984,0
1985,1
1986,1
1987,0
1988,0
1989,1
1990,0
1991,0
1992,0
1993,0
1994,0
1995,0
1996,0
1997,0
1998,0
1999,0
2000,0
2001,0
2002,0
2003,0
2004,1
2005,1
2006,0
2007,0
2008,1
2009,0
2010,0
2011,1
2012,0
2013,1
2014,0
2015,1
2016,0
2017,1
2018,0
2019,1
2020,0
2021,0
2022,0
2023,0
2024,0
2025,0
2026,1
2027,0
2028,1
2029,2
2030,0
2031,0
2032,0
2033,1
2034,0
2035,0
2036,1
2037,0
2038,1
2039,1
2040,0
2041,0
2042,0
2043,0
2044,0
2045,0
2046,0
2047,0
2048,0
2049,0
2050,0
2051,2
2052,0
2053,0
2054,1
2055,0
2056,0
2057,0
2058,0
2059,0
2060,0
2061,0
2062,0
2063,0
2064,0
2065,0
2066,1
2067,0
2068,0
2069,0
2070,0
2071,0
2072,0
2073,0
2074,1
2075,0
2076,0
2077,0
2078,0
2079,0
2080,0
2081,0
2082,1
2083,1
2084,0
2085,0
2086,2
2087,0
2088,0
2089,0
2090,1
2091,0
2092,0
2093,0
2094,0
2095,0
2096,0
2097,0
2098,0
2099,0
2100,0
2101,0
2102,0
2103,0
2104,0
2105,3
2106,0
2107,0
2108,0
2109,0
2110,0
2111,0
2112,0
2113,0
2114,0
2115,0
2116,0
2117,0
2118,0
2119,1
2120,0
2121,0
2122,0
2123,0
2124,0
2125,0
2126,0
2127,0
2128,0
2129,0
2130,0
2131,1
2132,0
2133,0
2134,0
2135,0
2136,0
2137,0
2138,0
2139,0
2140,0
2141,0
2142,0
2143,0
2144,0
2145,0
2146,0
2147,0
2148,0
2149,0
2150,0
2151,0
2152,0
2153,0
2154,0
2155,0
2156,0
2157,2
2158,0
2159,0
2160,0
2161,0
2162,1
2163,0
2164,0
2165,0
2166,0
2167,0
2168,0
2169,1
2170,1
2171,0
2172,1
2173,0
2174,1
2175,0
2176,0
2177,2
2178,0
2179,0
2180,0
2181,0
2182,0
2183,0
2184,1
2185,1
2186,0
2187,0
2188,0
2189,0
2190,0
2191,0
2192,0
2193,0
2194,0
2195,0
2196,0
2197,0
2198,1
2199,1
2200,0
2201,1
2202,0
2203,0
2204,0
2205,0
2206,0
2207,0
2208,0
2209,0
2210,0
2211,0
2212,0
2213,0
2214,1
2215,1
2216,0
2217,0
2218,0
2219,0
2220,0
2221,0
2222,0
2223,0
2224,0
2225,0
2226,0
2227,1
2228,0
2229,0
2230,0
2231,0
2232,0
2233,0
2234,0
2235,0
2236,0
2237,1
2238,0
2239,0
2240,1
2241,0
2242,0
2243,0
2244,0
2245,0
2246,0
2247,0
2248,0
2249,0
2250,1
2251,0
2252,0
2253,0
2254,0
2255,0
2256,0
2257,0
2258,0
2259,1
2260,0
2261,0
2262,0
2263,0
2264,0
2265,0
2266,0
2267,0
2268,0
2269,0
2270,0
2271,0
2272,0
2273,0
2274,1
2275,1
2276,0
2277,1
2278,0
2279,0
2280,0
2281,0
2282,0
2283,0
2284,0
2285,0
2286,1
2287,0
2288,0
2289,0
2290,0
2291,0
2292,1
2293,0
2294,0
2295,1
2296,0
2297,1
2298,1
2299,0
2300,0
2301,0
2302,0
2303,0
2304,1
2305,0
2306,0
2307,0
2308,0
2309,0
2310,0
2311,0
2312,0
2313,0
2314,0
2315,0
2316,1
2317,0
2318,0
2319,0
2320,0
2321,2
2322,1
2323,1
2324,0
2325,0
2326,0
2327,0
2328,0
2329,0
2330,0
2331,0
2332,1
2333,0
2334,0
2335,0
2336,0
2337,0
2338,0
2339,0
2340,0
2341,0
2342,0
2343,1
2344,1
2345,0
2346,1
2347,0
2348,0
2349,0
2350,1
2351,0
2352,0
2353,1
2354,0
2355,0
2356,1
2357,1
2358,1
2359,0
2360,0
2361,2
2362,0
2363,0
2364,0
2365,1
2366,0
2367,1
2368,0
2369,1
2370,1
2371,0
2372,0
2373,1
2374,0
2375,0
2376,0
2377,0
2378,0
2379,1
2380,0
2381,0
2382,2
2383,0
2384,0
2385,0
2386,0
2387,0
2388,0
2389,1
2390,0
2391,0
2392,0
2393,0
2394,0
2395,1
2396,0
2397,0
2398,0
2399,0
2400,2
2401,0
2402,0
2403,0
2404,1
2405,0
2406,0
2407,2
2408,0
2409,0
2410,0
2411,0
2412,0
2413,0
2414,0
2415,0
2416,1
2417,1
2418,1
2419,1
2420,0
2421,2
2422,0
2423,0
2424,0
2425,0
2426,0
2427,0
2428,0
2429,1
2430,0
2431,0
2432,0
2433,0
2434,0
2435,0
2436,0
2437,0
2438,0
2439,0
2440,0
2441,1
2442,0
2443,0
2444,0
2445,1
2446,0
2447,0
2448,0
2449,0
2450,0
2451,0
2452,1
2453,0
2454,0
2455,0
2456,1
2457,0
2458,0
2459,0
2460,1
2461,0
2462,1
2463,1
2464,0
2465,0
2466,0
2467,1
2468,0
2469,0
2470,0
2471,0
2472,1
2473,0
2474,1
2475,0
2476,0
2477,0
2478,0
2479,0
2480,0
2481,0
2482,0
2483,3
2484,0
2485,0
2486,1
2487,0
2488,0
2489,0
2490,0
2491,0
2492,0
2493,1
2494,0
2495,0
2496,0
2497,0
2498,0
2499,0
2500,0
2501,0
2502,0
2503,0
2504,0
2505,0
2506,1
2507,0
2508,0
2509,0
2510,0
2511,0
2512,0
2513,1
2514,0
2515,0
2516,0
2517,0
2518,0
2519,0
2520,0
2521,0
2522,0
2523,1
2524,1
2525,0
2526,0
2527,0
2528,0
2529,0
2530,0
2531,0
2532,0
2533,0
2534,1
2535,0
2536,0
2537,0
2538,0
2539,1
2540,0
2541,0
2542,0
2543,0
2544,1
2545,0
2546,0
2547,0
2548,0
2549,0
2550,0
2551,0
2552,0
2553,0
2554,0
2555,0
2556,0
2557,1
2558,0
2559,1
2560,0
2561,0
2562,0
2563,0
2564,0
2565,0
2566,0
2567,1
2568,0
2569,1
2570,0
2571,0
2572,0
2573,2
2574,0
2575,0
2576,0
2577,0
2578,0
2579,0
2580,0
2581,1
2582,0
2583,0
2584,0
2585,0
2586,1
2587,2
2588,0
2589,0
2590,0
2591,1
2592,0
2593,0
2594,0
2595,1
2596,0
2597,1
2598,0
2599,0
2600,0
2601,0
2602,1
2603,0
2604,0
2605,1
2606,1
2607,0
2608,1
2609,0
2610,0
2611,1
2612,1
2613,0
2614,0
2615,0
2616,0
2617,1
2618,0
2619,1
2620,1
2621,0
2622,0
2623,0
2624,0
2625,0
2626,1
2627,0
2628,1
2629,0
2630,2
2631,0
2632,0
2633,1
2634,0
2635,1
2636,0
2637,0
2638,0
2639,0
2640,1
2641,1
2642,1
2643,1
2644,0
2645,0
2646,0
2647,0
2648,0
2649,1
2650,0
2651,0
2652,0
2653,0
2654,1
2655,1
2656,0
2657,0
2658,1
2659,0
2660,0
2661,1
2662,0
2663,0
2664,0
2665,1
2666,0
2667,0
2668,0
2669,1
2670,0
2671,1
2672,1
2673,0
2674,0
2675,0
2676,2
2677,0
2678,0
2679,0
2680,0
2681,1
2682,0
2683,2
2684,1
2685,1
2686,0
2687,0
2688,1
2689,0
2690,0
2691,0
2692,0
2693,0
2694,0
2695,0
2696,1
2697,0
2698,0
2699,0
2700,0
2701,0
2702,0
2703,0
2704,0
2705,2
2706,0
2707,1
2708,0
2709,0
2710,0
2711,0
2712,0
2713,0
2714,0
2715,0
2716,0
2717,0
2718,1
2719,2
2720,0
2721,1
2722,0
2723,0
2724,0
2725,0
2726,0
2727,1
2728,0
2729,0
2730,0
2731,1
2732,0
2733,0
2734,1
2735,1
2736,0
2737,0
2738,0
2739,0
2740,0
2741,0
2742,0
2743,0
2744,0
2745,0
2746,0
2747,0
2748,0
2749,0
2750,0
2751,0
2752,0
2753,1
2754,0
2755,1
2756,0
2757,0
2758,0
2759,1
2760,0
2761,1
2762,0
2763,0
2764,0
2765,1
2766,1
2767,0
2768,0
2769,0
2770,0
2771,2
2772,1
2773,0
2774,0
2775,0
2776,0
2777,0
2778,0
2779,0
2780,0
2781,1
2782,0
2783,0
2784,2
2785,0
2786,1
2787,0
2788,0
2789,0
2790,0
2791,0
2792,0
2793,0
2794,0
2795,0
2796,0
2797,0
2798,0
2799,1
2800,0
2801,0
2802,0
2803,0
2804,1
2805,0
2806,0
2807,1
2808,0
2809,0
2810,0
2811,0
2812,0
2813,0
2814,0
2815,0
2816,0
2817,0
2818,1
2819,0
2820,0
2821,1
2822,1
2823,0
2824,0
2825,0
2826,0
2827,0
2828,0
2829,0
2830,0
2831,0
2832,0
2833,0
2834,0
2835,1
2836,0
2837,1
2838,1
2839,1
2840,0
2841,0
2842,0
2843,0
2844,0
2845,0
2846,0
2847,0
2848,1
2849,0
2850,0
2851,0
2852,0
2853,1
2854,0
2855,0
2856,0
2857,2
2858,0
2859,1
2860,1
2861,0
2862,0
2863,0
2864,0
2865,0
2866,0
2867,0
2868,0
2869,0
2870,0
2871,1
2872,0
2873,0
2874,0
2875,0
2876,0
2877,0
2878,1
2879,0
2880,0
2881,0
2882,0
2883,0
2884,0
2885,0
2886,0
2887,0
2888,0
2889,0
2890,0
2891,0
2892,0
2893,0
2894,1
2895,0
2896,1
2897,2
2898,1
2899,0
2900,2
2901,0
2902,0
2903,0
2904,0
2905,0
2906,0
2907,0
2908,0
2909,1
2910,0
2911,0
2912,0
2913,0
2914,1
2915,0
2916,0
2917,1
2918,0
2919,1
2920,0
2921,0
2922,0
2923,0
2924,0
2925,0
2926,0
2927,1
2928,0
2929,1
2930,0
2931,0
2932,0
2933,1
2934,0
2935,2
2936,0
2937,0
2938,1
2939,0
2940,0
2941,0
2942,2
2943,2
2944,0
2945,2
2946,0
2947,0
2948,0
2949,0
2950,0
2951,0
2952,1
2953,0
2954,0
2955,2
2956,0
2957,2
2958,0
2959,0
2960,0
2961,0
2962,0
2963,0
2964,0
2965,0
2966,0
2967,0
2968,0
2969,0
2970,0
2971,0
2972,0
2973,0
2974,0
2975,0
2976,0
2977,1
2978,0
2979,1
2980,0
2981,0
2982,0
2983,0
2984,0
2985,1
2986,0
2987,0
2988,1
2989,0
2990,1
2991,0
2992,1
2993,1
2994,0
2995,0
2996,0
2997,0
2998,0
2999,1
3000,0
3001,2
3002,1
3003,0
3004,0
3005,0
3006,0
3007,1
3008,0
3009,0
3010,0
3011,2
3012,0
3013,1
3014,0
3015,0
3016,0
3017,1
3018,0
3019,0
3020,1
3021,0
3022,0
3023,1
3024,1
3025,0
3026,2
3027,0
3028,0
3029,0
3030,0
3031,0
3032,0
3033,0
3034,1
3035,0
3036,0
3037,1
3038,0
3039,1
3040,0
3041,0
3042,1
3043,0
3044,0
3045,0
3046,0
3047,0
3048,0
3049,0
3050,1
3051,1
3052,1
3053,0
3054,0
3055,0
3056,0
3057,0
3058,0
3059,0
3060,0
3061,0
3062,0
3063,0
3064,0
3065,0
3066,0
3067,0
3068,0
3069,0
3070,1
3071,0
3072,1
3073,1
3074,0
3075,1
3076,1
3077,2
3078,0
3079,0
3080,1
3081,0
3082,0
3083,2
3084,0
3085,0
3086,0
3087,0
3088,0
3089,0
3090,2
3091,3
3092,0
3093,0
3094,0
3095,0
3096,0
3097,0
3098,0
3099,0
3100,0
3101,0
3102,0
3103,1
3104,0
3105,0
3106,0
3107,1
3108,1
3109,1
3110,1
3111,1
3112,1
3113,0
3114,0
3115,0
3116,1
3117,0
3118,0
3119,0
3120,1
3121,2
3122,0
3123,0
3124,0
3125,0
3126,0
3127,0
3128,0
3129,0
3130,0
3131,0
3132,1
3133,2
3134,0
3135,0
3136,2
3137,1
3138,0
3139,0
3140,1
3141,0
3142,0
3143,0
3144,0
3145,0
3146,0
3147,0
3148,0
3149,0
3150,0
3151,1
3152,1
3153,1
3154,0
3155,0
3156,0
3157,0
3158,0
3159,1
3160,0
3161,0
3162,0
3163,1
3164,0
3165,0
3166,0
3167,1
3168,0
3169,0
3170,0
3171,1
3172,0
3173,0
3174,0
3175,1
3176,0
3177,0
3178,0
3179,0
3180,0
3181,2
3182,0
3183,0
3184,3
3185,2
3186,1
3187,1
3188,1
3189,1
3190,0
3191,0
3192,1
3193,0
3194,0
3195,1
3196,0
3197,2
3198,0
3199,1
3200,1
3201,2
3202,1
3203,2
3204,1
3205,0
3206,0
3207,1
3208,0
3209,1
3210,1
3211,0
3212,1
3213,0
3214,1
3215,1
3216,1
3217,1
3218,0
3219,0
3220,0
3221,0
3222,0
3223,1
3224,0
3225,1
3226,0
3227,0
3228,0
3229,2
3230,0
3231,0
3232,0
3233,0
3234,0
3235,0
3236,0
3237,0
3238,0
3239,0
3240,1
3241,0
3242,0
3243,0
3244,0
3245,2
3246,0
3247,0
3248,0
3249,0
3250,1
3251,0
3252,0
3253,1
3254,2
3255,0
3256,2
3257,0
3258,0
3259,0
3260,0
3261,0
3262,1
3263,0
3264,0
3265,1
3266,0
3267,1
3268,0
3269,0
3270,1
3271,0
3272,0
3273,0
3274,0
3275,1
3276,1
3277,0
3278,1
3279,0
3280,0
3281,1
3282,0
3283,0
3284,0
3285,0
3286,0
3287,0
3288,0
3289,0
3290,1
3291,0
3292,0
3293,0
3294,0
3295,1
3296,0
3297,0
3298,1
3299,0
3300,0
3301,1
3302,0
3303,1
3304,0
3305,1
3306,0
3307,0
3308,0
3309,1
3310,0
3311,0
3312,1
3313,0
3314,1
3315,0
3316,1
3317,0
3318,2
3319,0
3320,0
3321,0
3322,0
3323,0
3324,0
3325,0
3326,0
3327,0
3328,0
3329,1
3330,0
3331,1
3332,0
3333,0
3334,0
3335,0
3336,0
3337,0
3338,0
3339,1
3340,1
3341,0
3342,0
3343,1
3344,1
3345,1
3346,1
3347,0
3348,0
3349,1
3350,0
3351,0
3352,0
3353,1
3354,1
3355,0
3356,0
3357,0
3358,1
3359,1
3360,1
3361,1
3362,1
3363,1
3364,0
3365,1
3366,0
3367,0
3368,0
3369,0
3370,1
3371,1
3372,1
3373,1
3374,1
3375,0
3376,1
3377,1
3378,0
3379,0
3380,0
3381,0
3382,0
3383,1
3384,0
3385,2
3386,1
3387,0
3388,0
3389,0
3390,0
3391,0
3392,0
3393,0
3394,2
3395,1
3396,0
3397,0
3398,1
3399,1
3400,1
3401,0
3402,0
3403,0
3404,0
3405,1
3406,0
3407,1
3408,0
3409,0
3410,1
3411,0
3412,0
3413,0
3414,0
3415,0
3416,1
3417,0
3418,0
3419,1
3420,0
3421,2
3422,0
3423,0
3424,0
3425,0
3426,1
3427,0
3428,0
3429,1
3430,0
3431,1
3432,1
3433,0
3434,1
3435,1
3436,0
3437,0
3438,0
3439,1
3440,0
3441,0
3442,0
3443,1
3444,0
3445,0
3446,1
3447,0
3448,1
3449,1
3450,0
3451,0
3452,1
3453,0
3454,0
3455,0
3456,0
3457,0
3458,0
3459,1
3460,0
3461,0
3462,0
3463,0
3464,0
3465,0
3466,0
3467,1
3468,0
3469,0
3470,0
3471,0
3472,1
3473,0
3474,0
3475,0
3476,2
3477,0
3478,1
3479,1
3480,0
3481,0
3482,0
3483,0
3484,0
3485,0
3486,0
3487,1
3488,0
3489,0
3490,0
3491,0
3492,0
3493,0
3494,1
3495,0
3496,1
3497,0
3498,1
3499,0
3500,1
3501,0
3502,0
3503,1
3504,1
3505,1
3506,0
3507,0
3508,0
3509,0
3510,1
3511,0
3512,0
3513,0
3514,0
3515,0
3516,0
3517,0
3518,0
3519,0
3520,0
3521,1
3522,1
3523,1
3524,1
3525,0
3526,0
3527,1
3528,1
3529,0
3530,1
3531,0
3532,2
3533,0
3534,1
3535,1
3536,0
3537,3
3538,0
3539,2
3540,0
3541,0
3542,3
3543,0
3544,0
3545,0
3546,0
3547,0
3548,0
3549,0
3550,0
3551,1
3552,0
3553,0
3554,0
3555,0
3556,0
3557,0
3558,0
3559,0
3560,0
3561,0
3562,0
3563,0
3564,1
3565,0
3566,0
3567,0
3568,1
3569,0
3570,3
3571,0
3572,0
3573,0
3574,0
3575,1
3576,1
3577,0
3578,1
3579,0
3580,0
3581,0
3582,0
3583,0
3584,1
3585,0
3586,0
3587,1
3588,0
3589,1
3590,0
3591,0
3592,0
3593,3
3594,0
3595,1
3596,1
3597,0
3598,0
3599,1
3600,0
3601,0
3602,2
3603,0
3604,0
3605,1
3606,2
3607,0
3608,0
3609,0
3610,0
3611,0
3612,1
3613,1
3614,0
3615,1
3616,0
3617,1
3618,0
3619,0
3620,0
3621,1
3622,0
3623,0
3624,0
3625,2
3626,1
3627,0
3628,1
3629,0
3630,0
3631,0
3632,1
3633,0
3634,0
3635,0
3636,0
3637,0
3638,0
3639,3
3640,0
3641,0
3642,0
3643,0
3644,0
3645,3
3646,0
3647,3
3648,1
3649,0
3650,0
3651,0
3652,0
3653,1
3654,1
3655,1
3656,1
3657,0
3658,0
3659,0
3660,0
3661,0
3662,1
3663,1
3664,0
3665,0
3666,1
3667,2
3668,1
3669,0
3670,0
3671,0
3672,1
3673,1
3674,1
3675,0
3676,0
3677,2
3678,0
3679,0
3680,0
3681,0
3682,0
3683,0
3684,0
3685,0
3686,0
3687,0
3688,1
3689,0
3690,1
3691,0
3692,2
3693,0
3694,0
3695,0
3696,0
3697,0
3698,0
3699,0
3700,0
3701,0
3702,1
3703,1
3704,1
3705,0
3706,1
3707,1
3708,0
3709,0
3710,0
3711,2
3712,0
3713,0
3714,2
3715,1
3716,2
3717,1
3718,0
3719,0
3720,0
3721,1
3722,3
3723,3
3724,0
3725,0
3726,1
3727,0
3728,0
3729,0
3730,0
3731,0
3732,2
3733,0
3734,0
3735,0
3736,1
3737,0
3738,1
3739,0
3740,0
3741,1
3742,0
3743,0
3744,0
3745,0
3746,0
3747,0
3748,0
3749,0
3750,0
3751,1
3752,0
3753,1
3754,0
3755,0
3756,0
3757,0
3758,0
3759,1
3760,0
3761,0
3762,0
3763,1
3764,0
3765,0
3766,0
3767,1
3768,0
3769,1
3770,0
3771,1
3772,0
3773,0
3774,1
3775,0
3776,0
3777,2
3778,0
3779,1
3780,0
3781,0
3782,0
3783,0
3784,0
3785,0
3786,0
3787,0
3788,1
3789,2
3790,1
3791,0
3792,0
3793,0
3794,1
3795,0
3796,0
3797,0
3798,0
3799,0
3800,1
3801,0
3802,0
3803,0
3804,0
3805,0
3806,0
3807,2
3808,0
3809,0
3810,0
3811,0
3812,0
3813,0
3814,0
3815,1
3816,1
3817,0
3818,2
3819,0
3820,0
3821,0
3822,0
3823,0
3824,2
3825,0
3826,1
3827,0
3828,0
3829,0
3830,1
3831,0
3832,0
3833,0
3834,1
3835,0
3836,0
3837,0
3838,0
3839,1
3840,0
3841,1
3842,0
3843,0
3844,1
3845,0
3846,0
3847,0
3848,0
3849,2
3850,0
3851,0
3852,1
3853,2
3854,1
3855,0
3856,2
3857,2
3858,0
3859,1
3860,1
3861,0
3862,2
3863,0
3864,0
3865,0
3866,1
3867,0
3868,0
3869,1
3870,0
3871,0
3872,0
3873,0
3874,1
3875,0
3876,0
3877,1
3878,0
3879,0
3880,1
3881,2
3882,1
3883,0
3884,1
3885,0
3886,0
3887,0
3888,0
3889,0
3890,1
3891,0
3892,0
3893,0
3894,0
3895,0
3896,2
3897,1
3898,0
3899,0
3900,0
3901,0
3902,0
3903,1
3904,0
3905,0
3906,0
3907,1
3908,0
3909,0
3910,0
3911,1
3912,0
3913,0
3914,0
3915,0
3916,1
3917,0
3918,0
3919,1
3920,0
3921,0
3922,0
3923,2
3924,0
3925,0
3926,1
3927,1
3928,0
3929,0
3930,0
3931,0
3932,0
3933,1
3934,0
3935,0
3936,1
3937,1
3938,0
3939,0
3940,0
3941,0
3942,0
3943,0
3944,1
3945,1
3946,1
3947,0
3948,0
3949,0
3950,0
3951,0
3952,0
3953,0
3954,0
3955,0
3956,2
3957,0
3958,0
3959,0
3960,1
3961,2
3962,1
3963,0
3964,0
3965,0
3966,0
3967,1
3968,1
3969,1
3970,2
3971,0
3972,1
3973,1
3974,2
3975,1
3976,0
3977,1
3978,1
3979,0
3980,0
3981,0
3982,1
3983,1
3984,1
3985,0
3986,0
3987,1
3988,1
3989,0
3990,0
3991,0
3992,0
3993,1
3994,0
3995,0
3996,1
3997,0
3998,0
3999,0
4000,1
4001,1
4002,1
4003,0
4004,0
4005,2
4006,0
4007,1
4008,0
4009,0
4010,0
4011,0
4012,0
4013,0
4014,0
4015,0
4016,0
4017,0
4018,0
4019,0
4020,0
4021,0
4022,0
4023,1
4024,0
4025,1
4026,1
4027,1
4028,0
4029,0
4030,1
4031,0
4032,1
4033,0
4034,0
4035,0
4036,0
4037,2
4038,0
4039,0
4040,1
4041,1
4042,0
4043,1
4044,1
4045,0
4046,1
4047,0
4048,0
4049,1
4050,0
4051,0
4052,1
4053,0
4054,0
4055,0
4056,0
4057,0
4058,0
4059,0
4060,0
4061,0
4062,0
4063,1
4064,0
4065,1
4066,0
4067,0
4068,0
4069,0
4070,0
4071,1
4072,1
4073,1
4074,2
4075,0
4076,0
4077,0
4078,0
4079,1
4080,0
4081,0
4082,0
4083,0
4084,0
4085,0
4086,1
4087,2
4088,0
4089,1
4090,1
4091,0
4092,1
4093,0
4094,0
4095,0
4096,0
4097,0
4098,0
4099,0
4100,1
4101,0
4102,1
4103,0
4104,0
4105,1
4106,0
4107,0
4108,1
4109,0
4110,0
4111,0
4112,0
4113,0
4114,1
4115,0
4116,0
4117,0
4118,1
4119,1
4120,0
4121,0
4122,0
4123,0
4124,1
4125,1
4126,1
4127,0
4128,0
4129,1
4130,0
4131,0
4132,1
4133,0
4134,0
4135,0
4136,0
4137,0
4138,0
4139,0
4140,0
4141,0
4142,0
4143,0
4144,0
4145,1
4146,0
4147,0
4148,0
4149,1
4150,0
4151,1
4152,0
4153,1
4154,1
4155,0
4156,1
4157,0
4158,1
4159,1
4160,1
4161,0
4162,0
4163,0
4164,0
4165,0
4166,0
4167,0
4168,1
4169,0
4170,1
4171,1
4172,0
4173,1
4174,0
4175,0
4176,1
4177,1
4178,3
4179,1
4180,0
4181,0
4182,0
4183,0
4184,1
4185,0
4186,1
4187,0
4188,2
4189,0
4190,1
4191,0
4192,0
4193,1
4194,0
4195,1
4196,0
4197,0
4198,1
4199,1
4200,0
4201,0
4202,0
4203,0
4204,0
4205,0
4206,0
4207,0
4208,0
4209,0
4210,0
4211,0
4212,0
4213,0
4214,0
4215,0
4216,1
4217,0
4218,0
4219,1
4220,0
4221,0
4222,0
4223,1
4224,0
4225,0
4226,1
4227,0
4228,0
4229,0
4230,0
4231,0
4232,0
4233,0
4234,0
4235,0
4236,1
4237,1
4238,0
4239,0
4240,2
4241,2
4242,0
4243,1
4244,1
4245,0
4246,0
4247,0
4248,0
4249,0
4250,1
4251,0
4252,0
4253,0
4254,0
4255,0
4256,0
4257,0
4258,0
4259,0
4260,0
4261,1
4262,0
4263,1
4264,1
4265,0
4266,0
4267,1
4268,0
4269,1
4270,0
4271,1
4272,0
4273,1
4274,0
4275,0
4276,0
4277,0
4278,0
4279,0
4280,1
4281,0
4282,0
4283,1
4284,3
4285,0
4286,0
4287,2
4288,0
4289,1
4290,0
4291,0
4292,0
4293,0
4294,2
4295,0
4296,0
4297,1
4298,0
4299,0
4300,0
4301,0
4302,1
4303,0
4304,2
4305,0
4306,0
4307,0
4308,1
4309,0
4310,0
4311,0
4312,1
4313,2
4314,2
4315,0
4316,0
4317,0
4318,2
4319,0
4320,1
4321,1
4322,1
4323,0
4324,1
4325,1
4326,1
4327,0
4328,0
4329,1
4330,0
4331,0
4332,2
4333,1
4334,0
4335,1
4336,0
4337,1
4338,1
4339,1
4340,0
4341,0
4342,1
4343,1
4344,0
4345,0
4346,1
4347,0
4348,1
4349,0
4350,0
4351,1
4352,0
4353,0
4354,2
4355,1
4356,2
4357,1
4358,0
4359,1
4360,0
4361,2
4362,0
4363,1
4364,0
4365,1
4366,1
4367,0
4368,0
4369,0
4370,0
4371,1
4372,0
4373,1
4374,0
4375,0
4376,1
4377,0
4378,1
4379,0
4380,0
4381,0
4382,0
4383,0
4384,0
4385,0
4386,0
4387,2
4388,1
4389,1
4390,0
4391,0
4392,1
4393,0
4394,0
4395,0
4396,0
4397,2
4398,0
4399,0
4400,2
4401,0
4402,2
4403,0
4404,0
4405,1
4406,1
4407,0
4408,0
4409,0
4410,1
4411,0
4412,1
4413,0
4414,2
4415,0
4416,1
4417,1
4418,0
4419,0
4420,1
4421,2
4422,0
4423,0
4424,0
4425,1
4426,0
4427,0
4428,2
4429,0
4430,0
4431,2
4432,0
4433,0
4434,1
4435,0
4436,1
4437,0
4438,1
4439,1
4440,1
4441,0
4442,0
4443,0
4444,0
4445,0
4446,1
4447,2
4448,1
4449,0
4450,0
4451,2
4452,1
4453,0
4454,0
4455,1
4456,0
4457,0
4458,0
4459,1
4460,0
4461,0
4462,0
4463,0
4464,2
4465,1
4466,1
4467,0
4468,0
4469,0
4470,1
4471,0
4472,0
4473,0
4474,0
4475,0
4476,1
4477,0
4478,1
4479,1
4480,0
4481,0
4482,0
4483,1
4484,0
4485,0
4486,0
4487,1
4488,0
4489,0
4490,1
4491,0
4492,0
4493,0
4494,1
4495,0
4496,0
4497,0
4498,1
4499,1
4500,0
4501,1
4502,0
4503,0
4504,0
4505,1
4506,0
4507,1
4508,0
4509,1
4510,0
4511,0
4512,0
4513,2
4514,0
4515,0
4516,0
4517,2
4518,0
4519,0
4520,3
4521,2
4522,0
4523,0
4524,0
4525,1
4526,1
4527,1
4528,0
4529,0
4530,0
4531,2
4532,0
4533,0
4534,0
4535,0
4536,0
4537,0
4538,0
4539,0
4540,0
4541,1
4542,0
4543,0
4544,0
4545,0
4546,1
4547,0
4548,1
4549,0
4550,0
4551,0
4552,0
4553,0
4554,0
4555,1
4556,0
4557,0
4558,0
4559,0
4560,1
4561,1
4562,0
4563,1
4564,1
4565,0
4566,1
4567,0
4568,3
4569,0
4570,1
4571,1
4572,2
4573,0
4574,1
4575,1
4576,1
4577,0
4578,2
4579,0
4580,0
4581,0
4582,0
4583,0
4584,1
4585,1
4586,0
4587,0
4588,1
4589,0
4590,0
4591,0
4592,1
4593,0
4594,2
4595,0
4596,0
4597,0
4598,0
4599,2
4600,0
4601,0
4602,0
4603,2
4604,1
4605,0
4606,1
4607,1
4608,0
4609,0
4610,1
4611,0
4612,1
4613,1
4614,0
4615,0
4616,0
4617,1
4618,0
4619,0
4620,1
4621,0
4622,0
4623,0
4624,0
4625,0
4626,0
4627,0
4628,0
4629,2
4630,0
4631,0
4632,0
4633,0
4634,1
4635,0
4636,2
4637,0
4638,0
4639,0
4640,0
4641,0
4642,0
4643,0
4644,0
4645,1
4646,0
4647,0
4648,0
4649,0
4650,2
4651,0
4652,0
4653,0
4654,1
4655,0
4656,0
4657,1
4658,0
4659,1
4660,1
4661,0
4662,1
4663,0
4664,0
4665,0
4666,0
4667,0
4668,0
4669,0
4670,0
4671,1
4672,0
4673,0
4674,2
4675,0
4676,0
4677,1
4678,0
4679,0
4680,1
4681,0
4682,1
4683,0
4684,0
4685,1
4686,0
4687,0
4688,1
4689,0
4690,2
4691,0
4692,0
4693,0
4694,0
4695,3
4696,0
4697,0
4698,1
4699,0
4700,1
4701,0
4702,0
4703,0
4704,2
4705,2
4706,1
4707,2
4708,0
4709,0
4710,3
4711,0
4712,0
4713,1
4714,0
4715,0
4716,0
4717,1
4718,0
4719,2
4720,0
4721,3
4722,1
4723,2
4724,0
4725,0
4726,1
4727,0
4728,1
4729,1
4730,1
4731,1
4732,0
4733,1
4734,0
4735,1
4736,1
4737,1
4738,0
4739,1
4740,0
4741,0
4742,0
4743,0
4744,0
4745,0
4746,0
4747,0
4748,2
4749,0
4750,0
4751,0
4752,0
4753,1
4754,0
4755,0
4756,1
4757,0
4758,0
4759,1
4760,0
4761,1
4762,0
4763,0
4764,1
4765,1
4766,0
4767,0
4768,0
4769,3
4770,0
4771,0
4772,1
4773,0
4774,0
4775,1
4776,0
4777,0
4778,0
4779,0
4780,1
4781,0
4782,0
4783,0
4784,1
4785,0
4786,0
4787,1
4788,1
4789,2
4790,0
4791,1
4792,0
4793,1
4794,1
4795,1
4796,0
4797,0
4798,0
4799,1
4800,1
4801,0
4802,0
4803,0
4804,0
4805,1
4806,0
4807,1
4808,1
4809,2
4810,1
4811,0
4812,0
4813,3
4814,0
4815,0
4816,1
4817,0
4818,1
4819,1
4820,2
4821,0
4822,0
4823,1
4824,0
4825,0
4826,1
4827,0
4828,0
4829,0
4830,0
4831,0
4832,0
4833,1
4834,0
4835,2
4836,1
4837,1
4838,1
4839,0
4840,1
4841,1
4842,0
4843,0
4844,1
4845,1
4846,0
4847,0
4848,0
4849,0
4850,0
4851,0
4852,0
4853,2
4854,1
4855,1
4856,0
4857,0
4858,0
4859,0
4860,1
4861,0
4862,1
4863,0
4864,0
4865,0
4866,0
4867,0
4868,1
4869,0
4870,0
4871,1
4872,1
4873,1
4874,1
4875,0
4876,0
4877,0
4878,0
4879,1
4880,0
4881,0
4882,0
4883,1
4884,2
4885,0
4886,0
4887,0
4888,0
4889,0
4890,2
4891,0
4892,0
4893,0
4894,0
4895,0
4896,1
4897,0
4898,0
4899,1
4900,0
4901,2
4902,0
4903,1
4904,1
4905,1
4906,0
4907,1
4908,0
4909,1
4910,0
4911,0
4912,0
4913,0
4914,1
4915,0
4916,0
4917,0
4918,0
4919,0
4920,0
4921,1
4922,1
4923,1
4924,0
4925,3
4926,1
4927,0
4928,0
4929,0
4930,0
4931,0
4932,0
4933,0
4934,2
4935,0
4936,0
4937,0
4938,0
4939,0
4940,1
4941,2
4942,0
4943,0
4944,0
4945,0
4946,0
4947,1
4948,0
4949,0
4950,1
4951,0
4952,0
4953,2
4954,1
4955,1
4956,0
4957,1
4958,1
4959,1
4960,0
4961,0
4962,0
4963,0
4964,1
4965,0
4966,1
4967,0
4968,0
4969,0
4970,1
4971,0
4972,0
4973,1
4974,0
4975,0
4976,1
4977,0
4978,0
4979,1
4980,0
4981,1
4982,0
4983,0
4984,0
4985,1
4986,0
4987,2
4988,0
4989,0
4990,0
4991,1
4992,0
4993,1
4994,0
4995,3
4996,0
4997,0
4998,0
4999,0
5000,0
5001,1
5002,1
5003,0
5004,1
5005,0
5006,0
5007,0
5008,1
5009,1
5010,0
5011,1
5012,0
5013,0
5014,1
5015,0
5016,0
5017,0
5018,0
5019,1
5020,0
5021,0
5022,0
5023,0
5024,0
5025,1
5026,0
5027,0
5028,0
5029,0
5030,0
5031,1
5032,0
5033,0
5034,0
5035,1
5036,0
5037,0
5038,1
5039,0
5040,0
5041,2
5042,0
5043,0
5044,0
5045,2
5046,1
5047,1
5048,0
5049,0
5050,0
5051,0
5052,0
5053,2
5054,0
5055,0
5056,0
5057,1
5058,0
5059,1
5060,0
5061,1
5062,0
5063,1
5064,0
5065,0
5066,0
5067,0
5068,2
5069,1
5070,0
5071,0
5072,2
5073,1
5074,1
5075,1
5076,1
5077,2
5078,0
5079,0
5080,1
5081,0
5082,1
5083,0
5084,1
5085,0
5086,1
5087,2
5088,0
5089,0
5090,1
5091,0
5092,0
5093,0
5094,1
5095,1
5096,0
5097,0
5098,0
5099,0
5100,2
5101,2
5102,0
5103,0
5104,0
5105,0
5106,0
5107,0
5108,1
5109,0
5110,0
5111,2
5112,0
5113,1
5114,0
5115,1
5116,1
5117,0
5118,0
5119,0
5120,0
5121,0
5122,0
5123,0
5124,1
5125,1
5126,0
5127,0
5128,2
5129,0
5130,0
5131,0
5132,0
5133,0
5134,3
5135,1
5136,1
5137,0
5138,1
5139,0
5140,1
5141,0
5142,0
5143,0
5144,1
5145,1
5146,0
5147,0
5148,1
5149,0
5150,0
5151,0
5152,0
5153,1
5154,1
5155,0
5156,0
5157,0
5158,2
5159,1
5160,0
5161,1
5162,0
5163,0
5164,1
5165,0
5166,1
5167,0
5168,0
5169,0
5170,1
5171,0
5172,0
5173,0
5174,0
5175,0
5176,0
5177,0
5178,0
5179,0
5180,0
5181,0
5182,0
5183,1
5184,1
5185,0
5186,0
5187,0
5188,1
5189,2
5190,1
5191,0
5192,1
5193,2
5194,2
5195,0
5196,0
5197,0
5198,1
5199,0
5200,0
5201,0
5202,1
5203,1
5204,0
5205,0
5206,2
5207,1
5208,1
5209,0
5210,0
5211,1
5212,0
5213,0
5214,0
5215,1
5216,0
5217,1
5218,2
5219,0
5220,0
5221,0
5222,1
5223,2
5224,0
5225,0
5226,1
5227,0
5228,0
5229,0
5230,0
5231,0
5232,1
5233,0
5234,0
5235,0
5236,0
5237,1
5238,0
5239,0
5240,0
5241,0
5242,0
5243,0
5244,0
5245,0
5246,4
5247,1
5248,0
5249,1
5250,0
5251,0
5252,0
5253,0
5254,1
5255,0
5256,1
5257,0
5258,1
5259,0
5260,0
5261,1
5262,0
5263,0
5264,0
5265,0
5266,2
5267,1
5268,1
5269,0
5270,2
5271,1
5272,1
5273,0
5274,2
5275,1
5276,1
5277,0
5278,0
5279,0
5280,0
5281,0
5282,0
5283,1
5284,1
5285,1
5286,0
5287,0
5288,1
5289,2
5290,0
5291,0
5292,2
5293,1
5294,0
5295,0
5296,1
5297,0
5298,0
5299,2
5300,0
5301,0
5302,0
5303,0
5304,0
5305,0
5306,0
5307,0
5308,0
5309,0
5310,0
5311,0
5312,0
5313,1
5314,1
5315,0
5316,0
5317,2
5318,1
5319,0
5320,0
5321,0
5322,0
5323,0
5324,1
5325,0
5326,0
5327,0
5328,0
5329,1
5330,2
5331,1
5332,0
5333,1
5334,0
5335,1
5336,0
5337,0
5338,2
5339,0
5340,0
5341,0
5342,1
5343,0
5344,1
5345,2
5346,0
5347,1
5348,0
5349,0
5350,1
5351,0
5352,0
5353,0
5354,0
5355,2
5356,0
5357,1
5358,2
5359,0
5360,1
5361,0
5362,0
5363,0
5364,0
5365,3
5366,0
5367,0
5368,1
5369,1
5370,0
5371,0
5372,0
5373,0
5374,1
5375,0
5376,0
5377,2
5378,0
5379,2
5380,0
5381,3
5382,1
5383,1
5384,1
5385,2
5386,1
5387,0
5388,0
5389,0
5390,1
5391,0
5392,1
5393,2
5394,1
5395,1
5396,0
5397,0
5398,1
5399,1
5400,0
5401,0
5402,1
5403,0
5404,1
5405,1
5406,2
5407,0
5408,0
5409,1
5410,0
5411,1
5412,1
5413,0
5414,1
5415,0
5416,1
5417,1
5418,0
5419,1
5420,0
5421,1
5422,1
5423,1
5424,0
5425,1
5426,1
5427,1
5428,0
5429,0
5430,0
5431,1
5432,1
5433,0
5434,1
5435,1
5436,0
5437,0
5438,1
5439,0
5440,1
5441,1
5442,0
5443,0
5444,0
5445,0
5446,0
5447,1
5448,2
5449,0
5450,0
5451,0
5452,0
5453,1
5454,0
5455,0
5456,0
5457,1
5458,1
5459,0
5460,0
5461,2
5462,0
5463,0
5464,2
5465,1
5466,1
5467,2
5468,0
5469,0
5470,1
5471,0
5472,0
5473,3
5474,2
5475,0
5476,0
5477,1
5478,0
5479,0
5480,1
5481,0
5482,0
5483,0
5484,0
5485,0
5486,1
5487,0
5488,0
5489,0
5490,0
5491,0
5492,1
5493,0
5494,0
5495,0
5496,0
5497,1
5498,0
5499,1
5500,0
5501,1
5502,0
5503,0
5504,0
5505,0
5506,0
5507,0
5508,1
5509,1
5510,0
5511,0
5512,0
5513,0
5514,0
5515,1
5516,1
5517,0
5518,0
5519,2
5520,2
5521,0
5522,2
5523,1
5524,1
5525,0
5526,1
5527,0
5528,0
5529,1
5530,0
5531,0
5532,1
5533,0
5534,0
5535,0
5536,1
5537,0
5538,0
5539,1
5540,2
5541,0
5542,0
5543,0
5544,0
5545,0
5546,3
5547,0
5548,0
5549,1
5550,0
5551,0
5552,0
5553,0
5554,0
5555,1
5556,0
5557,0
5558,1
5559,0
5560,1
5561,0
5562,0
5563,0
5564,0
5565,1
5566,0
5567,1
5568,1
5569,0
5570,1
5571,1
5572,0
5573,1
5574,2
5575,0
5576,0
5577,0
5578,1
5579,0
5580,0
5581,1
5582,0
5583,0
5584,1
5585,0
5586,0
5587,1
5588,0
5589,3
5590,0
5591,1
5592,1
5593,1
5594,0
5595,2
5596,1
5597,0
5598,1
5599,0
5600,0
5601,2
5602,1
5603,0
5604,1
5605,1
5606,0
5607,0
5608,0
5609,3
5610,1
5611,0
5612,0
5613,0
5614,2
5615,1
5616,1
5617,2
5618,0
5619,3
5620,2
5621,0
5622,1
5623,1
5624,2
5625,1
5626,2
5627,0
5628,2
5629,2
5630,1
5631,1
5632,0
5633,1
5634,0
5635,1
5636,1
5637,0
5638,1
5639,1
5640,1
5641,1
5642,3
5643,1
5644,0
5645,0
5646,0
5647,0
5648,0
5649,2
5650,1
5651,0
5652,0
5653,0
5654,1
5655,2
5656,1
5657,0
5658,1
5659,1
5660,0
5661,0
5662,2
5663,2
5664,2
5665,0
5666,0
5667,1
5668,1
5669,0
5670,0
5671,0
5672,1
5673,0
5674,1
5675,0
5676,0
5677,2
5678,1
5679,0
5680,0
5681,0
5682,1
5683,1
5684,1
5685,1
5686,1
5687,0
5688,0
5689,1
5690,0
5691,1
5692,0
5693,2
5694,0
5695,1
5696,0
5697,0
5698,0
5699,0
5700,0
5701,0
5702,1
5703,0
5704,0
5705,0
5706,1
5707,2
5708,1
5709,0
5710,1
5711,1
5712,0
5713,0
5714,0
5715,1
5716,1
5717,0
5718,0
5719,1
5720,1
5721,0
5722,1
5723,0
5724,0
5725,0
5726,0
5727,0
5728,1
5729,0
5730,0
5731,1
5732,2
5733,1
5734,1
5735,3
5736,1
5737,3
5738,1
5739,1
5740,1
5741,0
5742,1
5743,0
5744,0
5745,1
5746,0
5747,0
5748,0
5749,0
5750,2
5751,0
5752,0
5753,0
5754,1
5755,0
5756,0
5757,0
5758,1
5759,0
5760,0
5761,0
5762,0
5763,0
5764,0
5765,0
5766,3
5767,0
5768,0
5769,0
5770,1
5771,0
5772,1
5773,2
5774,1
5775,0
5776,1
5777,2
5778,1
5779,0
5780,0
5781,0
5782,1
5783,1
5784,1
5785,2
5786,0
5787,0
5788,0
5789,0
5790,0
5791,0
5792,1
5793,0
5794,0
5795,0
5796,1
5797,0
5798,1
5799,0
5800,0
5801,0
5802,1
5803,0
5804,0
5805,1
5806,0
5807,1
5808,3
5809,1
5810,0
5811,1
5812,0
5813,0
5814,1
5815,0
5816,1
5817,0
5818,0
5819,1
5820,0
5821,1
5822,1
5823,0
5824,1
5825,0
5826,0
5827,1
5828,0
5829,1
5830,0
5831,0
5832,0
5833,1
5834,1
5835,2
5836,2
5837,2
5838,1
5839,1
5840,0
5841,0
5842,1
5843,1
5844,0
5845,0
5846,0
5847,1
5848,0
5849,0
5850,1
5851,0
5852,0
5853,0
5854,1
5855,0
5856,3
5857,0
5858,0
5859,0
5860,0
5861,0
5862,2
5863,0
5864,0
5865,3
5866,3
5867,2
5868,1
5869,2
5870,0
5871,0
5872,1
5873,0
5874,0
5875,0
5876,1
5877,0
5878,1
5879,2
5880,0
5881,3
5882,3
5883,0
5884,2
5885,1
5886,0
5887,0
5888,1
5889,0
5890,2
5891,0
5892,1
5893,0
5894,0
5895,0
5896,1
5897,0
5898,0
5899,1
5900,0
5901,0
5902,1
5903,0
5904,0
5905,0
5906,0
5907,1
5908,0
5909,1
5910,2
5911,0
5912,1
5913,0
5914,1
5915,0
5916,1
5917,0
5918,0
5919,1
5920,2
5921,1
5922,2
5923,1
5924,0
5925,1
5926,2
5927,0
5928,0
5929,1
5930,1
5931,0
5932,0
5933,0
5934,1
5935,1
5936,0
5937,1
5938,2
5939,1
5940,0
5941,0
5942,2
5943,0
5944,2
5945,0
5946,1
5947,0
5948,0
5949,0
5950,1
5951,1
5952,0
5953,1
5954,0
5955,0
5956,0
5957,0
5958,0
5959,1
5960,1
5961,0
5962,0
5963,1
5964,1
5965,0
5966,0
5967,2
5968,1
5969,1
5970,1
5971,1
5972,1
5973,0
5974,1
5975,0
5976,2
5977,2
5978,1
5979,1
5980,0
5981,1
5982,1
5983,2
5984,1
5985,0
5986,0
5987,1
5988,0
5989,3
5990,0
5991,0
5992,0
5993,0
5994,0
5995,0
5996,1
5997,0
5998,0
5999,2
6000,1
6001,0
6002,0
6003,0
6004,0
6005,3
6006,0
6007,0
6008,0
6009,2
6010,2
6011,2
6012,1
6013,0
6014,0
6015,0
6016,1
6017,1
6018,0
6019,0
6020,1
6021,0
6022,1
6023,1
6024,2
6025,0
6026,1
6027,1
6028,0
6029,1
6030,0
6031,0
6032,0
6033,1
6034,0
6035,0
6036,2
6037,2
6038,1
6039,1
6040,0
6041,0
6042,0
6043,0
6044,1
6045,1
6046,2
6047,0
6048,1
6049,1
6050,0
6051,0
6052,0
6053,1
6054,0
6055,0
6056,0
6057,0
6058,2
6059,1
6060,0
6061,2
6062,0
6063,0
6064,2
6065,0
6066,2
6067,1
6068,0
6069,0
6070,0
6071,1
6072,0
6073,0
6074,2
6075,1
6076,0
6077,1
6078,0
6079,1
6080,0
6081,0
6082,1
6083,0
6084,2
6085,0
6086,0
6087,0
6088,1
6089,0
6090,1
6091,0
6092,1
6093,1
6094,1
6095,1
6096,1
6097,0
6098,0
6099,0
6100,0
6101,1
6102,0
6103,0
6104,0
6105,1
6106,1
6107,1
6108,1
6109,0
6110,1
6111,1
6112,1
6113,0
6114,0
6115,0
6116,1
6117,0
6118,2
6119,0
6120,1
6121,1
6122,2
6123,0
6124,0
6125,0
6126,0
6127,0
6128,1
6129,3
6130,0
6131,0
6132,0
6133,1
6134,0
6135,0
6136,2
6137,0
6138,1
6139,0
6140,1
6141,1
6142,1
6143,2
6144,1
6145,2
6146,2
6147,0
6148,0
6149,0
6150,2
6151,1
6152,0
6153,0
6154,0
6155,0
6156,0
6157,1
6158,0
6159,1
6160,0
6161,0
6162,0
6163,1
6164,1
6165,0
6166,0
6167,3
6168,0
6169,1
6170,0
6171,0
6172,0
6173,1
6174,0
6175,1
6176,0
6177,0
6178,0
6179,0
6180,0
6181,0
6182,1
6183,3
6184,2
6185,0
6186,0
6187,0
6188,0
6189,0
6190,0
6191,0
6192,1
6193,0
6194,0
6195,1
6196,0
6197,1
6198,0
6199,0
6200,0
6201,0
6202,0
6203,1
6204,0
6205,0
6206,0
6207,3
6208,0
6209,0
6210,0
6211,1
6212,0
6213,0
6214,1
6215,0
6216,1
6217,1
6218,1
6219,1
6220,2
6221,0
6222,0
6223,2
6224,0
6225,0
6226,0
6227,0
6228,1
6229,1
6230,0
6231,0
6232,0
6233,2
6234,2
6235,0
6236,1
6237,0
6238,0
6239,2
6240,0
6241,1
6242,0
6243,0
6244,0
6245,0
6246,1
6247,1
6248,3
6249,0
6250,1
6251,1
6252,1
6253,0
6254,0
6255,0
6256,1
6257,0
6258,0
6259,0
6260,1
6261,1
6262,0
6263,0
6264,0
6265,1
6266,2
6267,0
6268,2
6269,1
6270,1
6271,0
6272,0
6273,0
6274,3
6275,1
6276,0
6277,1
6278,1
6279,0
6280,0
6281,1
6282,1
6283,1
6284,1
6285,0
6286,0
6287,2
6288,1
6289,0
6290,2
6291,0
6292,0
6293,1
6294,0
6295,2
6296,1
6297,0
6298,1
6299,0
6300,0
6301,2
6302,2
6303,0
6304,1
6305,2
6306,0
6307,2
6308,2
6309,0
6310,0
6311,1
6312,0
6313,0
6314,1
6315,2
6316,0
6317,0
6318,0
6319,1
6320,0
6321,2
6322,0
6323,1
6324,2
6325,1
6326,0
6327,0
6328,2
6329,0
6330,1
6331,1
6332,1
6333,1
6334,0
6335,1
6336,1
6337,0
6338,0
6339,0
6340,1
6341,0
6342,1
6343,1
6344,0
6345,0
6346,0
6347,0
6348,0
6349,0
6350,0
6351,1
6352,0
6353,2
6354,0
6355,0
6356,0
6357,0
6358,2
6359,0
6360,0
6361,1
6362,0
6363,1
6364,0
6365,0
6366,0
6367,1
6368,1
6369,0
6370,0
6371,1
6372,0
6373,1
6374,3
6375,1
6376,2
6377,0
6378,1
6379,1
6380,1
6381,0
6382,1
6383,0
6384,1
6385,0
6386,1
6387,0
6388,0
6389,1
6390,0
6391,0
6392,1
6393,1
6394,0
6395,1
6396,0
6397,0
6398,0
6399,1
6400,0
6401,0
6402,2
6403,1
6404,2
6405,0
6406,1
6407,1
6408,0
6409,0
6410,0
6411,0
6412,1
6413,0
6414,1
6415,1
6416,2
6417,0
6418,1
6419,0
6420,0
6421,1
6422,0
6423,1
6424,1
6425,1
6426,0
6427,0
6428,0
6429,1
6430,0
6431,1
6432,1
6433,0
6434,0
6435,1
6436,0
6437,0
6438,1
6439,0
6440,0
6441,0
6442,0
6443,0
6444,0
6445,4
6446,1
6447,1
6448,0
6449,1
6450,0
6451,1
6452,0
6453,0
6454,0
6455,1
6456,1
6457,0
6458,0
6459,0
6460,0
6461,0
6462,1
6463,0
6464,0
6465,0
6466,1
6467,0
6468,0
6469,1
6470,1
6471,0
6472,2
6473,0
6474,1
6475,0
6476,0
6477,0
6478,1
6479,2
6480,1
6481,3
6482,1
6483,0
6484,1
6485,0
6486,0
6487,0
6488,0
6489,0
6490,2
6491,0
6492,0
6493,0
6494,1
6495,1
6496,2
6497,1
6498,0
6499,0
6500,1
6501,1
6502,2
6503,0
6504,1
6505,0
6506,2
6507,0
6508,2
6509,2
6510,0
6511,2
6512,2
6513,2
6514,1
6515,1
6516,0
6517,2
6518,2
6519,1
6520,0
6521,0
6522,1
6523,0
6524,1
6525,1
6526,1
6527,2
6528,0
6529,0
6530,1
6531,0
6532,1
6533,0
6534,0
6535,0
6536,0
6537,1
6538,0
6539,0
6540,0
6541,0
6542,0
6543,0
6544,1
6545,1
6546,1
6547,0
6548,0
6549,0
6550,0
6551,2
6552,1
6553,0
6554,0
6555,0
6556,1
6557,1
6558,1
6559,0
6560,0
6561,0
6562,0
6563,1
6564,1
6565,0
6566,0
6567,0
6568,1
6569,0
6570,1
6571,0
6572,1
6573,0
6574,2
6575,2
6576,2
6577,0
6578,1
6579,1
6580,0
6581,0
6582,0
6583,0
6584,0
6585,0
6586,0
6587,0
6588,1
6589,1
6590,1
6591,1
6592,0
6593,1
6594,3
6595,0
6596,0
6597,0
6598,0
6599,0
6600,0
6601,1
6602,0
6603,2
6604,0
6605,1
6606,0
6607,0
6608,1
6609,0
6610,0
6611,1
6612,1
6613,0
6614,1
6615,1
6616,1
6617,1
6618,1
6619,1
6620,0
6621,0
6622,0
6623,0
6624,0
6625,0
6626,0
6627,1
6628,0
6629,1
6630,0
6631,0
6632,0
6633,0
6634,0
6635,1
6636,1
6637,2
6638,0
6639,0
6640,0
6641,2
6642,0
6643,0
6644,2
6645,0
6646,0
6647,0
6648,1
6649,1
6650,1
6651,0
6652,1
6653,0
6654,0
6655,0
6656,0
6657,0
6658,0
6659,0
6660,1
6661,0
6662,0
6663,1
6664,0
6665,1
6666,1
6667,3
6668,1
6669,0
6670,0
6671,0
6672,0
6673,0
6674,1
6675,0
6676,1
6677,1
6678,1
6679,2
6680,2
6681,0
6682,0
6683,0
6684,1
6685,1
6686,0
6687,0
6688,1
6689,0
6690,0
6691,0
6692,1
6693,0
6694,1
6695,2
6696,0
6697,1
6698,0
6699,0
6700,1
6701,1
6702,0
6703,0
6704,0
6705,0
6706,0
6707,1
6708,1
6709,0
6710,0
6711,4
6712,1
6713,0
6714,1
6715,1
6716,1
6717,1
6718,1
6719,1
6720,2
6721,0
6722,1
6723,0
6724,1
6725,0
6726,1
6727,2
6728,1
6729,0
6730,1
6731,0
6732,0
6733,0
6734,0
6735,0
6736,0
6737,1
6738,1
6739,1
6740,0
6741,1
6742,0
6743,2
6744,0
6745,0
6746,1
6747,1
6748,1
6749,0
6750,0
6751,0
6752,1
6753,1
6754,1
6755,1
6756,0
6757,0
6758,0
6759,0
6760,0
6761,2
6762,0
6763,0
6764,2
6765,0
6766,1
6767,0
6768,0
6769,2
6770,2
6771,0
6772,0
6773,0
6774,0
6775,2
6776,1
6777,0
6778,0
6779,1
6780,0
6781,0
6782,1
6783,0
6784,1
6785,0
6786,4
6787,1
6788,1
6789,0
6790,2
6791,1
6792,0
6793,1
6794,3
6795,1
6796,1
6797,0
6798,1
6799,0
6800,0
6801,0
6802,0
6803,0
6804,0
6805,0
6806,0
6807,0
6808,1
6809,0
6810,0
6811,0
6812,0
6813,2
6814,2
6815,1
6816,4
6817,1
6818,1
6819,2
6820,0
6821,1
6822,0
6823,1
6824,3
6825,1
6826,0
6827,1
6828,0
6829,3
6830,1
6831,0
6832,0
6833,1
6834,0
6835,2
6836,0
6837,0
6838,0
6839,1
6840,0
6841,0
6842,0
6843,0
6844,1
6845,3
6846,0
6847,0
6848,0
6849,1
6850,3
6851,0
6852,0
6853,0
6854,0
6855,0
6856,0
6857,0
6858,0
6859,0
6860,0
6861,0
6862,0
6863,0
6864,1
6865,1
6866,0
6867,1
6868,0
6869,0
6870,0
6871,0
6872,0
6873,1
6874,1
6875,0
6876,0
6877,1
6878,0
6879,0
6880,0
6881,2
6882,1
6883,2
6884,1
6885,1
6886,1
6887,0
6888,0
6889,1
6890,2
6891,2
6892,1
6893,1
6894,0
6895,1
6896,0
6897,0
6898,0
6899,0
6900,0
6901,0
6902,0
6903,2
6904,1
6905,0
6906,0
6907,0
6908,0
6909,1
6910,0
6911,4
6912,2
6913,0
6914,1
6915,0
6916,1
6917,0
6918,1
6919,0
6920,0
6921,1
6922,0
6923,1
6924,0
6925,0
6926,1
6927,0
6928,1
6929,1
6930,1
6931,1
6932,0
6933,2
6934,0
6935,0
6936,0
6937,0
6938,0
6939,0
6940,1
6941,2
6942,0
6943,1
6944,1
6945,1
6946,2
6947,0
6948,1
6949,2
6950,1
6951,1
6952,0
6953,0
6954,1
6955,0
6956,0
6957,0
6958,0
6959,0
6960,0
6961,0
6962,0
6963,0
6964,0
6965,0
6966,1
6967,1
6968,0
6969,2
6970,1
6971,0
6972,1
6973,1
6974,1
6975,1
6976,0
6977,1
6978,0
6979,2
6980,2
6981,2
6982,0
6983,0
6984,0
6985,1
6986,2
6987,1
6988,1
6989,2
6990,2
6991,1
6992,0
6993,1
6994,3
6995,1
6996,0
6997,1
6998,1
6999,0
7000,0
7001,0
7002,1
7003,1
7004,0
7005,0
7006,1
7007,0
7008,0
7009,1
7010,1
7011,1
7012,1
7013,0
7014,1
7015,0
7016,0
7017,0
7018,2
7019,1
7020,0
7021,1
7022,1
7023,0
7024,1
7025,0
7026,0
7027,2
7028,0
7029,0
7030,1
7031,0
7032,2
7033,1
7034,2
7035,1
7036,2
7037,0
7038,0
7039,1
7040,0
7041,1
7042,1
7043,0
7044,0
7045,0
7046,0
7047,0
7048,0
7049,0
7050,0
7051,2
7052,0
7053,1
7054,1
7055,0
7056,1
7057,2
7058,0
7059,0
7060,2
7061,0
7062,0
7063,1
7064,0
7065,0
7066,2
7067,2
7068,4
7069,1
7070,0
7071,0
7072,1
7073,1
7074,3
7075,1
7076,0
7077,2
7078,0
7079,0
7080,1
7081,0
7082,0
7083,1
7084,2
7085,0
7086,0
7087,1
7088,1
7089,1
7090,0
7091,0
7092,0
7093,0
7094,0
7095,0
7096,0
7097,2
7098,0
7099,1
7100,0
7101,1
7102,1
7103,0
7104,1
7105,0
7106,1
7107,2
7108,1
7109,1
7110,0
7111,0
7112,0
7113,1
7114,0
7115,0
7116,0
7117,1
7118,0
7119,0
7120,0
7121,1
7122,0
7123,0
7124,0
7125,0
7126,0
7127,3
7128,1
7129,2
7130,0
7131,0
7132,1
7133,1
7134,1
7135,0
7136,0
7137,3
7138,1
7139,0
7140,2
7141,0
7142,0
7143,0
7144,0
7145,0
7146,2
7147,0
7148,1
7149,2
7150,0
7151,0
7152,1
7153,0
7154,4
7155,0
7156,0
7157,0
7158,0
7159,0
7160,1
7161,0
7162,2
7163,0
7164,1
7165,1
7166,0
7167,0
7168,2
7169,2
7170,0
7171,3
7172,1
7173,2
7174,0
7175,0
7176,0
7177,0
7178,0
7179,0
7180,1
7181,0
7182,1
7183,2
7184,0
7185,2
7186,1
7187,0
7188,0
7189,0
7190,1
7191,1
7192,0
7193,1
7194,2
7195,1
7196,0
7197,1
7198,0
7199,0
7200,1
7201,1
7202,0
7203,0
7204,1
7205,0
7206,0
7207,1
7208,1
7209,2
7210,1
7211,1
7212,1
7213,2
7214,1
7215,0
7216,0
7217,1
7218,0
7219,1
7220,4
7221,0
7222,0
7223,0
7224,0
7225,1
7226,1
7227,0
7228,0
7229,0
7230,1
7231,0
7232,0
7233,0
7234,2
7235,0
7236,0
7237,0
7238,0
7239,0
7240,0
7241,1
7242,0
7243,2
7244,0
7245,2
7246,0
7247,2
7248,0
7249,0
7250,0
7251,2
7252,1
7253,0
7254,0
7255,1
7256,0
7257,1
7258,1
7259,1
7260,0
7261,2
7262,1
7263,1
7264,0
7265,0
7266,0
7267,2
7268,0
7269,2
7270,1
7271,2
7272,0
7273,1
7274,1
7275,2
7276,1
7277,1
7278,1
7279,0
7280,1
7281,0
7282,1
7283,1
7284,0
7285,1
7286,0
7287,1
7288,1
7289,2
7290,1
7291,1
7292,0
7293,0
7294,0
7295,0
7296,0
7297,2
7298,1
7299,0
7300,2
7301,0
7302,2
7303,1
7304,1
7305,2
7306,0
7307,0
7308,1
7309,1
7310,0
7311,2
7312,1
7313,2
7314,1
7315,1
7316,0
7317,0
7318,2
7319,2
7320,3
7321,0
7322,0
7323,2
7324,1
7325,0
7326,0
7327,0
7328,5
7329,0
7330,1
7331,0
7332,1
7333,0
7334,0
7335,3
7336,1
7337,0
7338,1
7339,1
7340,1
7341,1
7342,0
7343,4
7344,0
7345,1
7346,0
7347,2
7348,0
7349,0
7350,0
7351,1
7352,2
7353,0
7354,1
7355,0
7356,1
7357,0
7358,2
7359,0
7360,3
7361,0
7362,3
7363,1
7364,2
7365,1
7366,0
7367,2
7368,0
7369,2
7370,0
7371,0
7372,0
7373,1
7374,1
7375,1
7376,0
7377,1
7378,0
7379,1
7380,0
7381,0
7382,0
7383,0
7384,1
7385,2
7386,1
7387,3
7388,1
7389,0
7390,2
7391,1
7392,2
7393,1
7394,1
7395,1
7396,0
7397,0
7398,1
7399,0
7400,0
7401,1
7402,1
7403,3
7404,0
7405,0
7406,1
7407,2
7408,0
7409,0
7410,1
7411,1
7412,0
7413,1
7414,1
7415,0
7416,1
7417,0
7418,2
7419,1
7420,1
7421,2
7422,1
7423,1
7424,2
7425,1
7426,1
7427,1
7428,0
7429,1
7430,1
7431,1
7432,1
7433,0
7434,2
7435,0
7436,0
7437,3
7438,2
7439,0
7440,0
7441,1
7442,0
7443,0
7444,0
7445,0
7446,0
7447,1
7448,0
7449,3
7450,1
7451,1
7452,0
7453,1
7454,1
7455,1
7456,0
7457,0
7458,1
7459,2
7460,1
7461,0
7462,0
7463,1
7464,0
7465,2
7466,1
7467,0
7468,0
7469,2
7470,0
7471,0
7472,1
7473,0
7474,2
7475,0
7476,2
7477,3
7478,0
7479,3
7480,3
7481,1
7482,0
7483,0
7484,1
7485,2
7486,0
7487,1
7488,0
7489,0
7490,0
7491,1
7492,3
7493,0
7494,0
7495,0
7496,1
7497,1
7498,0
7499,2
7500,1
7501,0
7502,0
7503,1
7504,1
7505,1
7506,1
7507,1
7508,0
7509,0
7510,1
7511,1
7512,1
7513,1
7514,0
7515,1
7516,1
7517,0
7518,2
7519,0
7520,0
7521,0
7522,1
7523,0
7524,2
7525,0
7526,1
7527,0
7528,0
7529,1
7530,1
7531,1
7532,0
7533,2
7534,0
7535,3
7536,1
7537,1
7538,0
7539,0
7540,0
7541,1
7542,1
7543,0
7544,0
7545,0
7546,1
7547,0
7548,0
7549,1
7550,0
7551,1
7552,0
7553,1
7554,0
7555,1
7556,1
7557,1
7558,2
7559,1
7560,3
7561,1
7562,3
7563,2
7564,1
7565,0
7566,0
7567,1
7568,1
7569,0
7570,0
7571,1
7572,1
7573,1
7574,0
7575,0
7576,2
7577,1
7578,1
7579,0
7580,0
7581,1
7582,2
7583,0
7584,0
7585,2
7586,2
7587,1
7588,1
7589,0
7590,0
7591,2
7592,0
7593,0
7594,1
7595,1
7596,0
7597,0
7598,1
7599,0
7600,0
7601,0
7602,1
7603,0
7604,1
7605,1
7606,1
7607,0
7608,0
7609,0
7610,1
7611,1
7612,1
7613,0
7614,1
7615,0
7616,0
7617,0
7618,2
7619,0
7620,0
7621,1
7622,1
7623,0
7624,2
7625,0
7626,2
7627,1
7628,0
7629,1
7630,0
7631,1
7632,2
7633,2
7634,1
7635,1
7636,0
7637,1
7638,1
7639,0
7640,3
7641,1
7642,3
7643,1
7644,0
7645,1
7646,0
7647,1
7648,1
7649,1
7650,3
7651,2
7652,1
7653,0
7654,0
7655,0
7656,0
7657,0
7658,0
7659,2
7660,0
7661,0
7662,2
7663,0
7664,0
7665,3
7666,3
7667,1
7668,0
7669,2
7670,1
7671,1
7672,1
7673,2
7674,0
7675,3
7676,1
7677,0
7678,1
7679,1
7680,1
7681,2
7682,1
7683,0
7684,1
7685,0
7686,0
7687,0
7688,1
7689,1
7690,0
7691,1
7692,0
7693,0
7694,1
7695,1
7696,1
7697,2
7698,1
7699,0
7700,0
7701,0
7702,2
7703,0
7704,0
7705,0
7706,0
7707,2
7708,1
7709,1
7710,1
7711,0
7712,0
7713,0
7714,0
7715,0
7716,0
7717,1
7718,2
7719,2
7720,1
7721,1
7722,2
7723,1
7724,2
7725,2
7726,0
7727,0
7728,0
7729,0
7730,2
7731,1
7732,2
7733,0
7734,0
7735,1
7736,0
7737,2
7738,1
7739,2
7740,0
7741,0
7742,1
7743,0
7744,0
7745,0
7746,1
7747,0
7748,1
7749,2
7750,1
7751,0
7752,0
7753,0
7754,0
7755,0
7756,0
7757,1
7758,1
7759,0
7760,0
7761,2
7762,1
7763,1
7764,0
7765,0
7766,1
7767,4
7768,2
7769,1
7770,2
7771,0
7772,0
7773,1
7774,0
7775,1
7776,2
7777,0
7778,0
7779,1
7780,0
7781,0
7782,1
7783,0
7784,0
7785,2
7786,0
7787,2
7788,0
7789,0
7790,1
7791,1
7792,0
7793,2
7794,1
7795,1
7796,1
7797,1
7798,0
7799,2
7800,2
7801,0
7802,1
7803,1
7804,0
7805,0
7806,4
7807,0
7808,1
7809,1
7810,1
7811,2
7812,2
7813,0
7814,0
7815,0
7816,0
7817,1
7818,1
7819,0
7820,0
7821,2
7822,2
7823,0
7824,0
7825,0
7826,1
7827,0
7828,1
7829,1
7830,0
7831,0
7832,2
7833,0
7834,0
7835,1
7836,0
7837,0
7838,2
7839,0
7840,0
7841,0
7842,1
7843,0
7844,0
7845,1
7846,1
7847,1
7848,0
7849,1
7850,0
7851,0
7852,1
7853,0
7854,3
7855,0
7856,1
7857,0
7858,2
7859,1
7860,1
7861,0
7862,1
7863,2
7864,1
7865,0
7866,1
7867,0
7868,0
7869,1
7870,1
7871,0
7872,1
7873,0
7874,2
7875,0
7876,1
7877,2
7878,0
7879,1
7880,1
7881,1
7882,2
7883,0
7884,2
7885,1
7886,1
7887,0
7888,0
7889,3
7890,1
7891,0
7892,1
7893,1
7894,1
7895,1
7896,0
7897,1
7898,0
7899,1
7900,0
7901,0
7902,1
7903,0
7904,0
7905,2
7906,0
7907,0
7908,4
7909,1
7910,1
7911,0
7912,1
7913,1
7914,1
7915,2
7916,1
7917,1
7918,2
7919,1
7920,0
7921,0
7922,0
7923,0
7924,1
7925,1
7926,0
7927,0
7928,1
7929,0
7930,3
7931,1
7932,1
7933,1
7934,1
7935,2
7936,0
7937,1
7938,1
7939,1
7940,1
7941,1
7942,2
7943,2
7944,0
7945,0
7946,0
7947,0
7948,0
7949,0
7950,1
7951,0
7952,1
7953,1
7954,0
7955,0
7956,1
7957,1
7958,2
7959,1
7960,0
7961,3
7962,1
7963,1
7964,0
7965,1
7966,0
7967,0
7968,2
7969,2
7970,1
7971,1
7972,1
7973,2
7974,2
7975,1
7976,1
7977,0
7978,1
7979,0
7980,1
7981,0
7982,0
7983,0
7984,0
7985,1
7986,1
7987,0
7988,1
7989,0
7990,1
7991,0
7992,0
7993,1
7994,0
7995,2
7996,0
7997,1
7998,0
7999,0
8000,0
8001,2
8002,2
8003,2
8004,0
8005,4
8006,0
8007,0
8008,0
8009,0
8010,1
8011,1
8012,1
8013,2
8014,1
8015,1
8016,0
8017,3
8018,0
8019,0
8020,0
8021,0
8022,1
8023,1
8024,1
8025,0
8026,2
8027,1
8028,2
8029,2
8030,1
8031,0
8032,0
8033,0
8034,0
8035,1
8036,0
8037,1
8038,1
8039,2
8040,2
8041,1
8042,0
8043,2
8044,3
8045,0
8046,2
8047,0
8048,2
8049,0
8050,0
8051,0
8052,1
8053,0
8054,0
8055,0
8056,3
8057,0
8058,1
8059,1
8060,1
8061,0
8062,0
8063,0
8064,2
8065,0
8066,1
8067,0
8068,1
8069,1
8070,0
8071,2
8072,0
8073,1
8074,0
8075,0
8076,1
8077,0
8078,0
8079,0
8080,0
8081,0
8082,1
8083,1
8084,0
8085,0
8086,0
8087,0
8088,0
8089,1
8090,0
8091,1
8092,1
8093,1
8094,0
8095,2
8096,0
8097,2
8098,0
8099,2
8100,0
8101,2
8102,1
8103,0
8104,2
8105,2
8106,0
8107,0
8108,1
8109,2
8110,1
8111,1
8112,1
8113,0
8114,2
8115,1
8116,0
8117,0
8118,2
8119,1
8120,1
8121,1
8122,0
8123,0
8124,0
8125,0
8126,0
8127,0
8128,0
8129,0
8130,0
8131,2
8132,0
8133,1
8134,1
8135,1
8136,0
8137,0
8138,2
8139,0
8140,3
8141,0
8142,0
8143,0
8144,1
8145,3
8146,1
8147,0
8148,1
8149,2
8150,0
8151,0
8152,3
8153,1
8154,0
8155,2
8156,0
8157,0
8158,2
8159,1
8160,2
8161,3
8162,0
8163,0
8164,2
8165,1
8166,1
8167,1
8168,2
8169,0
8170,0
8171,1
8172,0
8173,1
8174,1
8175,0
8176,1
8177,1
8178,0
8179,0
8180,3
8181,0
8182,0
8183,3
8184,1
8185,1
8186,1
8187,1
8188,0
8189,2
8190,0
8191,4
8192,0
8193,2
8194,0
8195,0
8196,1
8197,1
8198,0
8199,0
8200,0
8201,0
8202,3
8203,0
8204,2
8205,1
8206,2
8207,1
8208,0
8209,0
8210,2
8211,2
8212,1
8213,0
8214,0
8215,0
8216,0
8217,0
8218,0
8219,2
8220,1
8221,1
8222,2
8223,0
8224,1
8225,1
8226,0
8227,0
8228,0
8229,1
8230,0
8231,2
8232,1
8233,0
8234,1
8235,0
8236,1
8237,0
8238,0
8239,0
8240,1
8241,1
8242,2
8243,0
8244,0
8245,0
8246,0
8247,0
8248,0
8249,1
8250,0
8251,1
8252,3
8253,2
8254,1
8255,1
8256,1
8257,0
8258,1
8259,2
8260,1
8261,2
8262,1
8263,0
8264,0
8265,1
8266,0
8267,0
8268,0
8269,0
8270,4
8271,0
8272,1
8273,0
8274,1
8275,0
8276,3
8277,1
8278,1
8279,1
8280,1
8281,1
8282,2
8283,0
8284,1
8285,1
8286,0
8287,1
8288,0
8289,0
8290,1
8291,3
8292,0
8293,2
8294,0
8295,0
8296,2
8297,0
8298,1
8299,0
8300,1
8301,0
8302,3
8303,1
8304,2
8305,3
8306,0
8307,2
8308,1
8309,0
8310,2
8311,1
8312,0
8313,0
8314,0
8315,1
8316,2
8317,2
8318,1
8319,1
8320,1
8321,1
8322,1
8323,0
8324,0
8325,1
8326,1
8327,0
8328,2
8329,1
8330,0
8331,0
8332,0
8333,1
8334,0
8335,1
8336,0
8337,2
8338,0
8339,0
8340,2
8341,2
8342,1
8343,1
8344,0
8345,0
8346,1
8347,0
8348,0
8349,2
8350,0
8351,0
8352,0
8353,0
8354,0
8355,0
8356,1
8357,0
8358,0
8359,3
8360,1
8361,0
8362,0
8363,1
8364,2
8365,1
8366,0
8367,2
8368,1
8369,1
8370,1
8371,1
8372,1
8373,2
8374,1
8375,3
8376,2
8377,1
8378,2
8379,0
8380,2
8381,0
8382,0
8383,2
8384,1
8385,0
8386,1
8387,0
8388,1
8389,2
8390,1
8391,1
8392,1
8393,1
8394,1
8395,0
8396,1
8397,0
8398,1
8399,1
8400,0
8401,0
8402,3
8403,1
8404,2
8405,0
8406,0
8407,0
8408,1
8409,4
8410,0
8411,1
8412,0
8413,1
8414,0
8415,2
8416,2
8417,0
8418,2
8419,0
8420,0
8421,1
8422,2
8423,0
8424,0
8425,0
8426,1
8427,0
8428,0
8429,1
8430,0
8431,0
8432,0
8433,0
8434,0
8435,1
8436,1
8437,0
8438,0
8439,3
8440,1
8441,0
8442,1
8443,1
8444,1
8445,0
8446,0
8447,1
8448,1
8449,0
8450,1
8451,1
8452,3
8453,1
8454,2
8455,0
8456,1
8457,0
8458,0
8459,2
8460,0
8461,1
8462,0
8463,0
8464,1
8465,2
8466,0
8467,1
8468,0
8469,0
8470,1
8471,1
8472,2
8473,0
8474,1
8475,1
8476,0
8477,2
8478,0
8479,1
8480,3
8481,0
8482,1
8483,0
8484,3
8485,1
8486,1
8487,3
8488,0
8489,0
8490,0
8491,0
8492,1
8493,2
8494,0
8495,0
8496,1
8497,0
8498,0
8499,1
8500,1
8501,0
8502,3
8503,0
8504,1
8505,0
8506,1
8507,2
8508,0
8509,0
8510,0
8511,0
8512,3
8513,1
8514,1
8515,0
8516,3
8517,0
8518,0
8519,1
8520,2
8521,0
8522,1
8523,0
8524,2
8525,3
8526,2
8527,1
8528,0
8529,1
8530,1
8531,0
8532,1
8533,0
8534,1
8535,1
8536,1
8537,0
8538,0
8539,1
8540,1
8541,0
8542,0
8543,0
8544,1
8545,0
8546,0
8547,0
8548,0
8549,0
8550,1
8551,1
8552,0
8553,0
8554,1
8555,0
8556,0
8557,0
8558,0
8559,2
8560,1
8561,0
8562,0
8563,0
8564,1
8565,0
8566,1
8567,1
8568,1
8569,0
8570,1
8571,1
8572,1
8573,1
8574,0
8575,2
8576,0
8577,1
8578,2
8579,0
8580,1
8581,2
8582,1
8583,0
8584,0
8585,2
8586,2
8587,1
8588,2
8589,0
8590,1
8591,2
8592,0
8593,1
8594,0
8595,0
8596,0
8597,1
8598,2
8599,0
8600,1
8601,2
8602,1
8603,1
8604,0
8605,0
8606,1
8607,1
8608,0
8609,0
8610,2
8611,1
8612,0
8613,1
8614,4
8615,1
8616,1
8617,0
8618,0
8619,2
8620,2
8621,1
8622,1
8623,0
8624,1
8625,1
8626,0
8627,0
8628,0
8629,1
8630,2
8631,0
8632,0
8633,1
8634,1
8635,0
8636,0
8637,0
8638,1
8639,2
8640,3
8641,1
8642,1
8643,0
8644,1
8645,3
8646,0
8647,0
8648,1
8649,0
8650,1
8651,1
8652,2
8653,1
8654,1
8655,2
8656,1
8657,1
8658,0
8659,0
8660,2
8661,0
8662,1
8663,0
8664,1
8665,1
8666,0
8667,1
8668,1
8669,0
8670,1
8671,1
8672,1
8673,0
8674,1
8675,0
8676,0
8677,0
8678,1
8679,1
8680,0
8681,1
8682,3
8683,0
8684,0
8685,0
8686,1
8687,0
8688,0
8689,0
8690,1
8691,0
8692,1
8693,0
8694,2
8695,1
8696,0
8697,0
8698,0
8699,0
8700,0
8701,0
8702,1
8703,0
8704,0
8705,0
8706,0
8707,0
8708,1
8709,2
8710,1
8711,1
8712,0
8713,0
8714,0
8715,1
8716,2
8717,0
8718,1
8719,1
8720,3
8721,0
8722,0
8723,1
8724,0
8725,0
8726,1
8727,0
8728,0
8729,1
8730,0
8731,2
8732,2
8733,1
8734,1
8735,1
8736,2
8737,0
8738,1
8739,2
8740,1
8741,0
8742,1
8743,2
8744,1
8745,1
8746,2
8747,1
8748,1
8749,1
8750,0
8751,0
8752,2
8753,3
8754,1
8755,0
8756,1
8757,2
8758,2
8759,0
8760,0
8761,0
8762,0
8763,0
8764,0
8765,0
8766,0
8767,1
8768,3
8769,0
8770,0
8771,0
8772,1
8773,0
8774,0
8775,1
8776,0
8777,0
8778,1
8779,2
8780,0
8781,0
8782,1
8783,0
8784,1
8785,1
8786,2
8787,3
8788,2
8789,1
8790,0
8791,1
8792,2
8793,0
8794,0
8795,0
8796,1
8797,1
8798,1
8799,1
8800,1
8801,2
8802,1
8803,1
8804,1
8805,0
8806,0
8807,1
8808,2
8809,2
8810,1
8811,0
8812,0
8813,0
8814,0
8815,0
8816,0
8817,0
8818,0
8819,0
8820,2
8821,1
8822,0
8823,3
8824,1
8825,0
8826,1
8827,0
8828,0
8829,1
8830,0
8831,0
8832,0
8833,0
8834,0
8835,1
8836,2
8837,1
8838,0
8839,0
8840,1
8841,1
8842,0
8843,0
8844,1
8845,0
8846,4
8847,0
8848,1
8849,0
8850,0
8851,0
8852,2
8853,1
8854,1
8855,0
8856,0
8857,1
8858,1
8859,0
8860,2
8861,1
8862,1
8863,1
8864,0
8865,1
8866,1
8867,0
8868,0
8869,1
8870,0
8871,2
8872,2
8873,1
8874,1
8875,3
8876,1
8877,0
8878,1
8879,3
8880,1
8881,1
8882,0
8883,1
8884,1
8885,3
8886,0
8887,0
8888,1
8889,1
8890,1
8891,0
8892,2
8893,1
8894,1
8895,0
8896,1
8897,1
8898,2
8899,1
8900,0
8901,0
8902,1
8903,1
8904,1
8905,3
8906,1
8907,0
8908,2
8909,1
8910,2
8911,0
8912,0
8913,0
8914,2
8915,2
8916,0
8917,2
8918,0
8919,0
8920,1
8921,1
8922,0
8923,0
8924,2
8925,0
8926,1
8927,2
8928,0
8929,2
8930,0
8931,2
8932,0
8933,1
8934,1
8935,0
8936,0
8937,1
8938,1
8939,3
8940,1
8941,0
8942,0
8943,2
8944,0
8945,0
8946,3
8947,2
8948,2
8949,1
8950,1
8951,1
8952,1
8953,0
8954,0
8955,0
8956,0
8957,2
8958,1
8959,0
8960,2
8961,0
8962,1
8963,1
8964,1
8965,0
8966,1
8967,0
8968,1
8969,2
8970,1
8971,1
8972,0
8973,3
8974,3
8975,0
8976,3
8977,0
8978,0
8979,1
8980,1
8981,1
8982,1
8983,0
8984,1
8985,0
8986,1
8987,1
8988,0
8989,1
8990,0
8991,0
8992,1
8993,2
8994,0
8995,3
8996,0
8997,0
8998,1
8999,0
9000,2
9001,3
9002,1
9003,1
9004,0
9005,0
9006,0
9007,0
9008,0
9009,2
9010,0
9011,0
9012,0
9013,1
9014,1
9015,1
9016,1
9017,0
9018,0
9019,0
9020,0
9021,1
9022,1
9023,2
9024,2
9025,1
9026,3
9027,2
9028,0
9029,1
9030,1
9031,1
9032,1
9033,0
9034,1
9035,1
9036,1
9037,0
9038,0
9039,2
9040,1
9041,0
9042,0
9043,3
9044,1
9045,0
9046,1
9047,1
9048,0
9049,0
9050,1
9051,1
9052,1
9053,1
9054,1
9055,1
9056,0
9057,2
9058,3
9059,3
9060,0
9061,1
9062,1
9063,0
9064,2
9065,1
9066,2
9067,0
9068,1
9069,1
9070,1
9071,1
9072,1
9073,0
9074,1
9075,2
9076,1
9077,3
9078,1
9079,0
9080,0
9081,1
9082,1
9083,2
9084,4
9085,0
9086,2
9087,0
9088,0
9089,0
9090,2
9091,0
9092,0
9093,0
9094,1
9095,1
9096,0
9097,0
9098,2
9099,1
9100,0
9101,0
9102,1
9103,0
9104,0
9105,2
9106,1
9107,1
9108,0
9109,2
9110,1
9111,0
9112,1
9113,0
9114,0
9115,3
9116,0
9117,0
9118,0
9119,3
9120,1
9121,2
9122,0
9123,0
9124,3
9125,1
9126,2
9127,1
9128,1
9129,0
9130,0
9131,1
9132,2
9133,1
9134,0
9135,0
9136,1
9137,0
9138,0
9139,0
9140,2
9141,2
9142,0
9143,1
9144,1
9145,1
9146,1
9147,0
9148,2
9149,0
9150,0
9151,0
9152,0
9153,2
9154,0
9155,2
9156,0
9157,0
9158,2
9159,0
9160,2
9161,0
9162,2
9163,2
9164,1
9165,1
9166,0
9167,0
9168,0
9169,0
9170,2
9171,1
9172,1
9173,0
9174,0
9175,5
9176,3
9177,2
9178,3
9179,2
9180,0
9181,0
9182,1
9183,1
9184,2
9185,1
9186,2
9187,0
9188,0
9189,0
9190,1
9191,0
9192,0
9193,3
9194,0
9195,0
9196,1
9197,1
9198,0
9199,0
9200,2
9201,0
9202,0
9203,0
9204,0
9205,0
9206,1
9207,1
9208,2
9209,1
9210,0
9211,2
9212,3
9213,0
9214,0
9215,3
9216,1
9217,2
9218,0
9219,0
9220,1
9221,1
9222,0
9223,2
9224,2
9225,0
9226,1
9227,0
9228,0
9229,1
9230,2
9231,0
9232,0
9233,0
9234,1
9235,2
9236,0
9237,0
9238,2
9239,0
9240,0
9241,2
9242,1
9243,0
9244,4
9245,1
9246,0
9247,2
9248,2
9249,0
9250,1
9251,2
9252,1
9253,0
9254,0
9255,0
9256,1
9257,0
9258,2
9259,1
9260,0
9261,0
9262,0
9263,1
9264,2
9265,2
9266,1
9267,4
9268,3
9269,3
9270,0
9271,1
9272,1
9273,1
9274,0
9275,3
9276,3
9277,1
9278,0
9279,1
9280,1
9281,1
9282,0
9283,1
9284,1
9285,2
9286,0
9287,0
9288,0
9289,2
9290,0
9291,0
9292,1
9293,0
9294,0
9295,3
9296,0
9297,1
9298,0
9299,0
9300,0
9301,0
9302,0
9303,5
9304,1
9305,1
9306,1
9307,0
9308,1
9309,1
9310,0
9311,1
9312,1
9313,2
9314,2
9315,2
9316,3
9317,0
9318,0
9319,1
9320,0
9321,1
9322,0
9323,0
9324,1
9325,2
9326,2
9327,0
9328,0
9329,1
9330,0
9331,1
9332,0
9333,1
9334,0
9335,0
9336,0
9337,1
9338,0
9339,1
9340,1
9341,0
9342,1
9343,0
9344,1
9345,0
9346,0
9347,2
9348,2
9349,0
9350,3
9351,5
9352,0
9353,1
9354,1
9355,1
9356,1
9357,3
9358,0
9359,0
9360,0
9361,0
9362,0
9363,0
9364,2
9365,0
9366,0
9367,1
9368,2
9369,1
9370,1
9371,0
9372,1
9373,2
9374,3
9375,0
9376,0
9377,2
9378,1
9379,1
9380,1
9381,1
9382,0
9383,3
9384,0
9385,1
9386,3
9387,2
9388,1
9389,0
9390,1
9391,1
9392,2
9393,1
9394,0
9395,0
9396,2
9397,1
9398,2
9399,4
9400,1
9401,0
9402,0
9403,1
9404,2
9405,2
9406,2
9407,0
9408,1
9409,1
9410,1
9411,1
9412,0
9413,0
9414,3
9415,0
9416,1
9417,0
9418,0
9419,3
9420,1
9421,0
9422,2
9423,0
9424,1
9425,2
9426,0
9427,0
9428,1
9429,0
9430,0
9431,2
9432,2
9433,0
9434,0
9435,4
9436,1
9437,0
9438,0
9439,0
9440,1
9441,0
9442,1
9443,3
9444,2
9445,1
9446,1
9447,1
9448,1
9449,0
9450,0
9451,1
9452,0
9453,0
9454,1
9455,2
9456,0
9457,1
9458,1
9459,1
9460,1
9461,1
9462,2
9463,0
9464,1
9465,1
9466,1
9467,1
9468,2
9469,1
9470,0
9471,1
9472,5
9473,0
9474,0
9475,0
9476,3
9477,1
9478,0
9479,2
9480,1
9481,0
9482,0
9483,2
9484,0
9485,3
9486,1
9487,3
9488,0
9489,0
9490,0
9491,1
9492,6
9493,1
9494,1
9495,0
9496,1
9497,3
9498,1
9499,0
9500,1
9501,0
9502,1
9503,0
9504,1
9505,1
9506,2
9507,0
9508,0
9509,1
9510,1
9511,2
9512,0
9513,0
9514,0
9515,4
9516,0
9517,0
9518,0
9519,0
9520,2
9521,1
9522,1
9523,0
9524,0
9525,1
9526,1
9527,2
9528,0
9529,3
9530,0
9531,0
9532,1
9533,0
9534,1
9535,0
9536,1
9537,0
9538,0
9539,1
9540,0
9541,0
9542,2
9543,1
9544,2
9545,1
9546,4
9547,1
9548,1
9549,2
9550,0
9551,2
9552,1
9553,3
9554,1
9555,2
9556,3
9557,2
9558,1
9559,1
9560,1
9561,0
9562,0
9563,0
9564,1
9565,2
9566,0
9567,1
9568,0
9569,3
9570,4
9571,1
9572,0
9573,0
9574,0
9575,2
9576,0
9577,0
9578,1
9579,0
9580,1
9581,1
9582,0
9583,2
9584,0
9585,1
9586,0
9587,0
9588,1
9589,1
9590,0
9591,0
9592,0
9593,1
9594,4
9595,0
9596,0
9597,1
9598,0
9599,1
9600,0
9601,0
9602,0
9603,1
9604,2
9605,1
9606,0
9607,1
9608,1
9609,2
9610,0
9611,0
9612,1
9613,1
9614,0
9615,4
9616,0
9617,2
9618,1
9619,0
9620,1
9621,0
9622,1
9623,0
9624,0
9625,1
9626,1
9627,1
9628,1
9629,3
9630,0
9631,1
9632,0
9633,3
9634,1
9635,0
9636,1
9637,2
9638,1
9639,2
9640,1
9641,1
9642,3
9643,0
9644,1
9645,1
9646,2
9647,0
9648,2
9649,0
9650,2
9651,0
9652,0
9653,0
9654,0
9655,1
9656,1
9657,1
9658,2
9659,0
9660,1
9661,0
9662,0
9663,1
9664,1
9665,1
9666,0
9667,1
9668,0
9669,0
9670,0
9671,0
9672,4
9673,1
9674,0
9675,0
9676,2
9677,1
9678,1
9679,3
9680,1
9681,3
9682,2
9683,1
9684,2
9685,2
9686,2
9687,1
9688,3
9689,1
9690,1
9691,1
9692,1
9693,2
9694,0
9695,1
9696,1
9697,1
9698,2
9699,1
9700,2
9701,0
9702,0
9703,1
9704,0
9705,1
9706,2
9707,1
9708,0
9709,0
9710,0
9711,1
9712,0
9713,2
9714,0
9715,1
9716,2
9717,3
9718,0
9719,3
9720,1
9721,0
9722,1
9723,1
9724,1
9725,1
9726,1
9727,0
9728,1
9729,1
9730,1
9731,1
9732,1
9733,1
9734,0
9735,0
9736,0
9737,0
9738,1
9739,1
9740,1
9741,0
9742,0
9743,2
9744,0
9745,0
9746,0
9747,0
9748,1
9749,0
9750,0
9751,1
9752,1
9753,0
9754,2
9755,0
9756,0
9757,1
9758,0
9759,1
9760,0
9761,0
9762,1
9763,0
9764,0
9765,0
9766,1
9767,3
9768,3
9769,1
9770,3
9771,1
9772,0
9773,0
9774,1
9775,1
9776,3
9777,1
9778,1
9779,0
9780,2
9781,1
9782,2
9783,3
9784,2
9785,0
9786,1
9787,3
9788,0
9789,0
9790,1
9791,1
9792,2
9793,2
9794,1
9795,0
9796,3
9797,0
9798,0
9799,2
9800,0
9801,1
9802,1
9803,0
9804,0
9805,2
9806,4
9807,2
9808,1
9809,1
9810,1
9811,2
9812,1
9813,2
9814,2
9815,0
9816,2
9817,3
9818,2
9819,2
9820,1
9821,2
9822,0
9823,1
9824,2
9825,2
9826,0
9827,0
9828,2
9829,1
9830,1
9831,0
9832,0
9833,0
9834,1
9835,1
9836,1
9837,0
9838,0
9839,1
9840,2
9841,1
9842,0
9843,0
9844,2
9845,1
9846,1
9847,2
9848,3
9849,2
9850,1
9851,0
9852,0
9853,2
9854,1
9855,1
9856,0
9857,1
9858,1
9859,1
9860,0
9861,0
9862,0
9863,0
9864,2
9865,1
9866,2
9867,0
9868,1
9869,0
9870,3
9871,1
9872,0
9873,0
9874,1
9875,1
9876,1
9877,0
9878,0
9879,0
9880,0
9881,1
9882,1
9883,1
9884,0
9885,0
9886,0
9887,2
9888,2
9889,1
9890,3
9891,1
9892,1
9893,2
9894,1
9895,0
9896,0
9897,1
9898,0
9899,1
9900,0
9901,2
9902,0
9903,0
9904,1
9905,1
9906,1
9907,0
9908,1
9909,0
9910,1
9911,0
9912,0
9913,1
9914,1
9915,2
9916,1
9917,1
9918,2
9919,0
9920,2
9921,1
9922,2
9923,1
9924,0
9925,1
9926,1
9927,0
9928,1
9929,2
9930,1
9931,1
9932,0
9933,0
9934,0
9935,2
9936,2
9937,1
9938,1
9939,0
9940,0
9941,2
9942,0
9943,2
9944,3
9945,1
9946,3
9947,0
9948,1
9949,0
9950,0
9951,0
9952,2
9953,0
9954,2
9955,1
9956,0
9957,1
9958,2
9959,1
9960,0
9961,1
9962,0
9963,0
9964,0
9965,1
9966,2
9967,1
9968,1
9969,2
9970,1
9971,0
9972,0
9973,2
9974,0
9975,1
9976,1
9977,1
9978,3
9979,4
9980,1
9981,0
9982,1
9983,1
9984,2
9985,2
9986,1
9987,0
9988,2
9989,2
9990,0
9991,1
9992,1
9993,0
9994,0
9995,2
9996,2
9997,2
9998,1
9999,0
